Gender,University,Level of Education,Province,Fields of Study,Type of AI,PE1,PE2,PE3,PE4,PE5,PE6,PE7,PE8,PE9,PE10,PE11,PE12,PE13,PE14,PE15,PE16,PE17,PE18,PE19,PE20,CU1,CU2,CU3,CU4,ATU1,ATU2,ATU3,ATU4,ATU5,AUP1,AUP2,AUP3,AUP4,AUP5,MIUA1,MIUA2,MIUA3,MIUA4,MIUA5,PE_mean,CU_mean,ATU_mean,AUP_mean,MIUA_mean
1,1,2.0,6.0,3.0,3.0,3.0,3.0,3.0,3.0,3.0,3.0,3.0,3.0,3.0,3.0,3.0,3.0,3.0,3.0,3.0,3.0,3.0,3.0,3.0,3.0,1.0,1.0,3.0,1.0,4.0,3.0,3.0,2.9606003752345216,3.0,1.0,2.0,3.0,2.0,1.0,2.0,2.0,2.0,2.0,2.0,3.0,1.5,3.1921200750469043,1.8,2.0
1,1,2.0,4.0,3.0,2.0,1.0,1.0,1.0,1.0,1.0,1.0,1.0,1.0,1.0,1.0,1.0,1.0,1.0,1.0,1.0,1.0,1.0,1.0,1.0,1.0,2.0,2.0,1.0,1.0,2.0,1.0,1.0,4.0,1.0,1.0,1.0,2.0,1.0,1.0,1.0,1.0,1.0,1.0,1.0,1.0,1.5,1.8,1.2,1.0
1,1,2.0,4.0,3.0,2.0,3.0,2.0,3.0,2.0,3.0,2.0,3.0,3.0,3.0,3.0,3.0,2.0,3.0,3.0,3.0,2.0,2.0,3.0,2.0,3.0,2.0,3.0,2.0,2.0,2.0,2.0,3.0,2.0,2.0,1.0,2.0,3.0,2.0,1.0,2.0,2.0,2.0,2.0,2.0,2.65,2.25,2.2,1.8,2.0
1,1,2.0,4.0,0.0,2.0,3.0,3.0,3.0,3.0,4.0,3.0,4.0,3.0,3.0,2.0,3.0,3.0,3.0,3.0,2.0,3.0,3.0,3.0,3.0,3.0,3.0,3.0,3.0,3.0,3.0,3.0,4.0,3.0,4.0,2.0,3.0,3.0,3.0,3.0,3.0,3.0,3.0,3.0,3.0,3.0,3.0,3.4,2.8,3.0
2,1,2.0,4.0,0.0,2.0,3.0,3.0,3.0,3.0,3.0,3.0,3.0,3.0,3.0,3.0,3.0,3.0,3.0,3.0,3.0,3.0,3.0,3.0,3.0,3.0,3.0,3.0,3.0,3.0,3.0,3.0,4.0,3.0,4.0,2.0,3.0,3.0,3.0,3.0,3.0,3.0,3.0,3.0,3.0,3.0,3.0,3.4,2.8,3.0
1,1,2.0,8.0,3.0,3.0,3.0,3.0,2.0,1.0,2.0,3.0,2.0,2.0,2.0,2.0,2.0,3.0,2.0,2.0,2.0,2.0,2.0,2.0,2.0,2.0,2.0,2.0,2.0,1.0,2.0,2.0,1.0,2.0,2.0,3.0,2.0,2.0,2.0,2.0,2.0,2.0,2.0,2.0,2.0,2.15,1.75,1.8,2.2,2.0
2,1,2.0,4.0,3.0,9.0,3.0,2.0,3.0,2.0,3.0,3.0,3.0,3.0,3.0,3.0,3.0,3.0,3.0,2.0,3.0,3.0,2.0,3.0,3.0,3.0,2.0,2.0,3.0,2.0,3.0,2.0,3.0,3.0,4.0,3.0,3.0,3.0,3.0,2.0,3.0,2.0,3.0,2.0,3.0,2.8,2.25,3.0,2.8,2.6
1,1,2.0,8.0,3.0,3.0,3.0,3.0,3.0,3.0,3.0,3.0,3.0,3.0,4.0,4.0,4.0,3.0,3.0,3.0,3.0,3.0,3.0,4.0,3.0,4.0,2.0,2.0,3.0,2.0,3.0,2.0,2.0,3.0,4.0,1.0,2.0,3.0,3.0,3.0,2.0,3.0,2.0,3.0,2.0,3.25,2.25,2.8,2.4,2.4
1,1,2.0,4.0,3.0,12.0,1.0,1.0,1.0,1.0,1.0,2.0,2.0,1.0,2.0,1.0,1.0,2.0,1.0,2.0,1.0,1.0,1.0,1.0,2.0,1.0,3.0,3.0,2.0,2.0,2.0,2.0,1.0,3.0,1.0,2.0,1.0,2.0,3.0,1.0,1.0,1.0,1.0,1.0,1.0,1.3,2.5,1.8,1.8,1.0
2,1,2.0,4.0,6.0,3.0,1.0,1.0,1.0,1.0,2.0,2.0,2.0,2.0,2.0,2.0,3.0,2.0,2.0,1.0,1.0,1.0,2.0,2.0,4.0,2.0,1.0,1.0,1.0,1.0,3.0,3.0,3.0,3.0,3.0,1.0,2.0,3.0,2.0,3.0,1.0,2.0,2.0,1.0,3.0,1.8,1.0,3.0,2.2,1.8
1,1,2.0,4.0,6.0,12.0,2.0,2.0,2.0,3.0,1.0,2.0,1.0,1.0,2.0,1.0,2.0,1.0,1.0,2.0,2.0,2.0,1.0,1.0,2.0,1.0,1.0,1.0,3.0,1.0,3.0,2.0,2.0,2.0,2.0,2.0,2.0,2.0,2.0,2.0,2.0,1.0,2.0,1.0,1.0,1.6,1.5,2.2,2.0,1.4
2,1,2.0,4.0,6.0,11.0,3.0,3.0,3.0,3.0,3.0,3.0,3.0,3.0,3.0,3.0,3.0,3.0,3.0,3.0,3.0,3.0,3.0,3.0,3.0,3.0,3.0,3.0,3.0,3.0,3.0,3.0,4.0,3.0,4.0,1.0,3.0,3.0,3.0,3.0,3.0,3.0,3.0,3.0,3.0,3.0,3.0,3.4,2.6,3.0
2,1,2.0,4.0,0.0,2.0,4.0,3.0,3.0,4.0,3.0,4.0,3.0,3.0,3.0,3.0,3.0,4.0,4.0,3.0,4.0,3.0,4.0,3.0,3.0,4.0,3.0,3.0,3.0,4.0,4.0,4.0,4.0,3.0,4.0,1.0,4.0,3.0,3.0,3.0,4.0,3.0,4.0,4.0,3.0,3.4,3.25,3.8,2.8,3.6
2,1,2.0,4.0,0.0,12.0,2.0,2.0,2.0,2.0,2.0,2.0,1.0,2.0,3.0,2.0,3.0,2.0,2.0,1.0,2.0,2.0,3.0,2.0,1.0,3.0,2.0,1.0,3.0,1.0,3.0,3.0,2.0,2.0,2.0,2.0,2.0,3.0,2.0,2.0,2.0,2.0,2.0,2.0,1.0,2.05,1.75,2.4,2.2,1.8
2,1,2.0,4.0,0.0,12.0,3.0,3.0,3.0,3.0,3.0,3.0,3.0,3.0,3.0,3.0,3.0,3.0,3.0,3.0,3.0,3.0,3.0,3.0,3.0,3.0,2.0,2.0,2.0,2.0,3.0,2.0,3.0,3.0,3.0,2.0,3.0,3.0,3.0,3.0,3.0,3.0,3.0,2.0,2.0,3.0,2.0,2.8,2.8,2.6
2,2,2.0,21.0,0.0,12.0,4.0,4.0,4.0,4.0,3.0,3.0,4.0,4.0,3.0,2.0,4.0,4.0,4.0,4.0,4.0,4.0,3.0,4.0,4.0,4.0,2.0,2.0,3.0,4.0,4.0,4.0,2.887218045112782,3.0,2.8646616541353382,4.0,4.0,4.0,3.0,4.0,4.0,4.0,4.0,3.0,4.0,3.7,2.75,3.3503759398496245,3.8,3.8
2,1,2.0,4.0,0.0,3.0,4.0,3.0,4.0,3.0,3.0,4.0,3.0,4.0,3.0,3.0,4.0,4.0,4.0,4.0,3.0,3.0,3.0,3.0,4.0,3.0,3.0,3.0,4.0,3.0,3.0,2.0,3.0,3.0,3.0,3.0,4.0,4.0,2.0,1.0,3.0,3.0,3.0,3.0,4.0,3.45,3.25,2.8,2.8,3.2
2,2,2.0,21.0,0.0,12.0,4.0,4.0,4.0,4.0,4.0,4.0,4.0,3.0,4.0,3.0,3.0,4.0,3.0,4.0,4.0,4.0,4.0,4.0,4.0,4.0,3.0,2.0,3.0,3.0,4.0,3.0,3.0,4.0,4.0,3.0,4.0,4.0,3.0,3.0,3.0,4.0,3.0,3.0,3.0,3.8,2.75,3.6,3.4,3.2
1,1,2.0,4.0,3.0,3.0,1.0,1.0,1.0,1.0,1.0,1.0,1.0,1.0,1.0,1.0,1.0,1.0,1.0,1.0,1.0,1.0,1.0,1.0,1.0,1.0,1.0,1.0,1.0,1.0,1.0,1.0,1.0,4.0,1.0,1.0,1.0,1.0,1.0,1.0,1.0,1.0,1.0,1.0,1.0,1.0,1.0,1.6,1.0,1.0
1,2,2.0,21.0,0.0,3.0,4.0,4.0,1.0,1.0,1.0,4.0,4.0,3.0,3.0,3.0,3.0,3.0,3.0,1.0,1.0,2.0,2.0,2.0,3.0,2.0,2.0,1.0,1.0,2.296435272045028,1.0,2.628517823639775,2.887218045112782,4.0,2.8646616541353382,1.0,4.0,1.0,1.0,1.0,3.0,1.0,4.0,3.0,4.0,2.5,1.574108818011257,2.676079504577579,1.6,3.0
2,1,2.0,4.0,0.0,2.0,3.0,3.0,3.0,1.0,3.0,1.0,3.0,4.0,4.0,1.0,4.0,4.0,4.0,4.0,2.0,3.0,2.0,1.0,1.0,2.0,2.0,4.0,4.0,1.0,1.0,1.0,1.0,4.0,1.0,1.0,4.0,4.0,1.0,1.0,1.0,1.0,1.0,1.0,3.0,2.65,2.75,1.6,2.2,1.4
2,1,2.0,4.0,6.0,2.0,1.0,1.0,3.0,2.0,3.0,3.0,2.0,1.0,2.0,1.0,2.0,1.0,1.0,3.0,2.0,2.0,2.0,2.0,2.0,2.0,1.0,4.0,3.0,1.0,2.0,1.0,1.0,2.0,2.0,1.0,1.0,2.0,2.0,1.0,3.0,3.0,1.0,2.0,1.0,1.9,2.25,1.6,1.4,2.0
2,2,2.0,21.0,0.0,12.0,3.0,3.0,2.0,3.0,2.0,2.0,3.0,3.0,3.0,2.0,3.0,3.0,3.0,3.0,3.0,3.0,3.0,2.0,3.0,2.0,2.0,3.0,3.0,2.0,2.0,2.0,3.0,3.0,3.0,2.0,4.0,2.0,2.0,2.0,2.0,2.0,2.0,1.0,2.0,2.7,2.5,2.6,2.4,1.8
1,1,2.0,4.0,0.0,11.0,4.0,3.0,2.0,2.0,1.0,1.0,1.0,3.0,3.0,2.0,3.0,2.0,2.0,3.0,2.0,3.0,3.0,2.0,4.0,3.1710526315789473,4.0,2.0,3.0,2.0,1.0,3.0,3.0,1.0,2.0,1.0,1.0,1.0,1.0,1.0,1.0,1.0,1.0,1.0,1.0,2.4585526315789474,2.75,2.0,1.0,1.0
1,1,1.0,4.0,3.0,3.0,4.0,4.0,4.0,4.0,4.0,4.0,4.0,4.0,4.0,4.0,4.0,4.0,4.0,4.0,4.0,4.0,4.0,4.0,4.0,4.0,1.0,1.0,1.0,3.0,3.0,3.0,3.0,3.0,3.0,3.0,4.0,4.0,4.0,4.0,3.0,1.0,2.0,2.0,2.0,4.0,1.5,3.0,3.8,2.0
2,1,2.0,4.0,3.0,3.0,3.0,3.0,3.0,3.0,3.0,3.0,3.0,3.0,3.0,3.0,3.0,3.0,3.0,3.0,3.0,3.0,3.0,3.0,3.0,3.0,1.0,1.0,1.0,2.0,3.0,3.0,3.0,3.0,3.0,2.0,2.0,2.0,2.0,2.0,3.0,3.0,3.0,3.0,3.0,3.0,1.25,3.0,2.0,3.0
2,1,2.0,4.0,4.0,3.0,4.0,3.0,4.0,4.0,3.0,3.0,3.0,3.0,3.0,3.0,3.0,3.0,3.0,3.0,3.0,3.0,3.0,3.0,3.0,3.0,3.0,3.0,3.0,3.0,3.0,3.0,3.0,3.0,3.0,2.0,2.0,2.0,2.0,2.0,2.0,2.0,2.0,2.0,2.0,3.15,3.0,3.0,2.0,2.0
1,1,1.0,4.0,3.0,3.0,4.0,4.0,3.0,3.0,4.0,3.0,4.0,3.0,3.0,4.0,3.0,4.0,4.0,4.0,3.0,3.0,4.0,3.0,3.0,4.0,3.0,2.0,2.0,3.0,4.0,3.0,3.0,4.0,3.0,2.0,3.0,4.0,3.0,3.0,4.0,3.0,4.0,3.0,4.0,3.5,2.5,3.4,3.0,3.6
2,1,2.0,4.0,0.0,3.0,4.0,3.0,4.0,4.0,4.0,3.0,4.0,3.0,3.0,3.0,4.0,3.0,3.0,4.0,3.0,3.0,4.0,3.0,4.0,4.0,2.0,2.0,4.0,1.0,3.0,3.0,3.0,3.0,4.0,3.0,3.0,4.0,2.0,3.0,3.0,3.0,3.0,4.0,3.0,3.5,2.25,3.2,3.0,3.2
1,1,2.0,4.0,3.0,3.0,4.0,4.0,4.0,4.0,4.0,4.0,4.0,4.0,4.0,4.0,4.0,4.0,4.0,4.0,4.0,4.0,4.0,4.0,4.0,4.0,1.0,1.0,1.0,4.0,4.0,1.0,4.0,4.0,4.0,1.0,4.0,4.0,4.0,4.0,4.0,4.0,4.0,1.0,4.0,4.0,1.75,3.4,3.4,3.4
2,1,2.0,4.0,6.0,11.0,3.0,3.0,2.0,3.0,3.0,3.0,3.0,3.0,1.0,1.0,2.0,3.0,2.0,3.0,3.0,3.0,3.0,3.0,4.0,4.0,2.0,4.0,3.0,1.0,2.0,1.0,2.0,2.0,2.0,2.0,2.0,4.0,3.0,3.0,2.0,2.0,3.0,3.0,3.0,2.75,2.5,1.8,2.8,2.6
2,1,2.0,4.0,1.0,3.0,3.0,3.0,3.0,3.0,3.0,3.0,3.0,3.0,3.0,3.0,3.0,3.0,3.0,3.0,3.0,3.0,3.0,3.0,3.0,3.0,3.0,2.0,2.0,2.0,3.0,1.0,2.0,2.0,3.0,1.0,3.0,4.0,2.0,3.0,2.0,2.0,3.0,3.0,3.0,3.0,2.25,2.2,2.6,2.6
1,1,2.0,4.0,3.0,3.0,3.0,3.0,3.0,3.0,3.0,3.0,3.0,3.0,3.0,3.0,3.0,3.0,3.0,3.0,3.0,3.0,3.0,3.0,3.0,3.0,2.0,2.0,4.0,1.0,3.0,2.0,2.0,3.0,3.0,2.0,2.0,3.0,2.0,2.0,3.0,3.0,3.0,3.0,3.0,3.0,2.25,2.6,2.2,3.0
1,1,2.0,4.0,3.0,3.0,3.0,3.0,3.0,2.0,2.0,2.0,2.0,3.0,2.0,2.0,3.0,2.0,2.0,2.0,2.0,3.0,2.0,2.0,2.0,2.0,2.0,3.0,3.0,2.0,2.0,2.0,3.0,2.0,2.0,1.0,2.0,2.0,2.0,2.0,2.0,2.0,2.0,2.0,3.0,2.3,2.5,2.2,1.8,2.2
1,1,2.0,4.0,7.0,3.0,4.0,4.0,4.0,4.0,4.0,4.0,2.0,4.0,4.0,3.0,4.0,4.0,4.0,3.0,3.0,3.0,4.0,4.0,3.0,3.0,2.0,1.0,1.0,3.0,4.0,4.0,4.0,4.0,4.0,1.0,2.0,4.0,4.0,1.0,1.0,3.0,3.0,3.0,3.0,3.6,1.75,4.0,2.4,2.6
1,1,2.0,8.0,0.0,2.0,4.0,3.0,4.0,4.0,4.0,3.0,4.0,4.0,4.0,4.0,4.0,3.0,4.0,3.0,3.0,4.0,4.0,4.0,4.0,4.0,2.0,1.0,2.0,2.0,4.0,4.0,3.0,4.0,3.0,3.0,3.0,2.0,3.0,3.0,3.0,3.0,3.0,3.0,3.0,3.75,1.75,3.6,2.8,3.0
1,1,1.0,4.0,0.0,3.0,3.0,4.0,4.0,4.0,3.0,3.0,3.0,3.0,3.0,2.0,3.0,3.0,1.0,3.0,3.0,3.0,3.0,3.0,3.0,3.0,3.0,1.0,1.0,1.0,3.0,3.0,1.0,3.0,3.0,3.0,3.0,3.0,3.0,3.0,2.0,3.0,3.0,1.0,3.0,3.0,1.5,2.6,3.0,2.4
2,1,2.0,4.0,6.0,3.0,4.0,4.0,4.0,4.0,4.0,4.0,4.0,4.0,4.0,4.0,4.0,4.0,4.0,4.0,4.0,4.0,4.0,4.0,4.0,4.0,2.0,2.0,1.0,2.0,3.0,3.0,3.0,3.0,3.0,1.0,2.0,3.0,2.0,2.0,3.0,3.0,3.0,3.0,3.0,4.0,1.75,3.0,2.0,3.0
1,1,2.0,4.0,7.0,3.0,3.0,3.0,2.0,2.0,3.0,3.0,4.0,3.0,3.0,4.0,4.0,2.0,3.0,3.0,3.0,3.0,3.0,3.0,3.0,3.0,2.0,2.0,4.0,3.0,3.0,2.0,2.0,2.0,2.0,2.0,3.0,3.0,3.0,2.0,3.0,3.0,3.0,2.0,2.0,3.0,2.75,2.2,2.6,2.6
1,1,2.0,4.0,3.0,12.0,3.0,3.0,3.0,3.0,4.0,3.0,3.0,3.0,4.0,3.0,3.0675422138836774,3.0,3.0,3.0,3.0,3.0,4.0,3.0,4.0,4.0,3.0,3.0,2.0,2.0,3.0,3.0,3.0,3.0,3.0,2.0,2.0,3.0,3.0,3.0,3.0,3.0,3.0,3.0,3.0,3.253377110694184,2.5,3.0,2.6,3.0
2,1,2.0,4.0,3.0,3.0,2.0,2.0,1.0,3.0,3.0,3.0,3.0,4.0,2.0,4.0,3.0,2.0,2.0,3.0,2.0,4.0,3.0,2.0,2.0,3.0,2.0,3.0,2.0,2.0,2.0,2.0,2.0,2.0,2.0,1.0,3.0,4.0,2.0,2.0,1.0,2.0,2.0,2.0,2.0,2.65,2.25,2.0,2.4,1.8
2,1,2.0,4.0,0.0,12.0,3.0,3.0,3.0,3.0,3.0,3.0,2.0,3.0,2.0,2.0,2.0,1.0,1.0,3.0,2.0,2.0,2.0,2.0,3.0,2.0,2.0,2.0,3.0,2.0,3.0,2.0,2.0,2.0,2.0,2.0,2.0,3.0,2.0,2.0,2.0,2.0,2.0,2.0,2.0,2.35,2.25,2.2,2.2,2.0
1,1,2.0,4.0,7.0,3.0,4.0,4.0,4.0,4.0,3.0,3.0,3.0,4.0,3.0,3.0,4.0,3.0,4.0,3.0,4.0,2.0,4.0,3.0,4.0,4.0,1.0,1.0,1.0,2.0,4.0,4.0,4.0,4.0,4.0,1.0,4.0,2.0,3.0,4.0,3.0,3.0,3.0,3.0,3.0,3.5,1.25,4.0,2.8,3.0
2,1,2.0,4.0,1.0,3.0,4.0,4.0,4.0,4.0,4.0,4.0,4.0,4.0,4.0,4.0,4.0,4.0,4.0,4.0,4.0,4.0,4.0,4.0,4.0,4.0,2.0,2.0,3.0,2.0,3.0,3.0,3.0,3.0,3.0,1.0,4.0,4.0,3.0,3.0,3.0,3.0,3.0,3.0,3.0,4.0,2.25,3.0,3.0,3.0
2,1,2.0,4.0,0.0,11.0,3.0,3.0,2.0,2.0,2.0,2.0,3.0,2.0,2.0,2.0,2.0,2.0,2.0,3.0,2.0,2.0,3.0,3.0,3.0,3.0,2.0,2.0,4.0,1.0,3.0,2.0,2.0,3.0,3.0,2.0,4.0,3.0,3.0,2.0,2.0,2.0,2.0,1.0,2.0,2.4,2.25,2.6,2.8,1.8
1,1,1.0,4.0,3.0,3.0,2.0,3.0,3.0,3.0,3.0,4.0,3.0,3.0,3.0,3.0,2.0,3.0,3.0,2.0,3.0,3.0,2.0,2.0,3.0,3.0,3.0,2.0,2.0,3.0,2.0,3.0,3.0,2.0,3.0,2.0,3.0,3.0,3.0,3.0,3.0,3.0,3.0,3.0,3.0,2.8,2.5,2.6,2.8,3.0
1,1,1.0,4.0,3.0,3.0,3.0,4.0,4.0,4.0,4.0,4.0,4.0,4.0,3.0,3.0,3.0,4.0,3.0,4.0,3.0,4.0,4.0,4.0,3.0,4.0,2.0,2.0,2.0,2.0,4.0,3.0,2.0,3.0,3.0,2.0,3.0,4.0,2.0,3.0,3.0,2.0,3.0,3.0,2.0,3.65,2.0,3.0,2.8,2.6
2,1,2.0,4.0,3.0,3.0,2.0,2.0,2.0,2.0,2.0,2.0,2.0,2.0,2.0,2.0,2.0,1.0,3.0,1.0,2.0,2.0,4.0,4.0,1.0,2.0,3.0,2.0,2.0,3.0,3.0,3.0,4.0,4.0,3.0,3.0,4.0,4.0,4.0,3.0,4.0,4.0,2.0,3.0,3.0,2.1,2.5,3.4,3.6,3.2
1,1,2.0,4.0,0.0,9.0,3.0,3.0,3.0,3.0,3.0,3.0,3.0,2.0,3.0,3.0,3.0,3.0,2.0,4.0,4.0,4.0,4.0,4.0,4.0,4.0,2.0,2.0,2.0,4.0,4.0,3.0,2.0,3.0,2.0,2.0,3.0,1.0,1.0,2.0,1.0,2.0,2.0,2.0,2.0,3.25,2.5,2.8,1.8,1.8
1,1,2.0,4.0,3.0,3.0,3.0,3.0,3.0,3.0,3.0,3.0,3.0,3.0,3.0,3.0,3.0,3.0,3.0,3.0,3.0,3.0,3.0,3.0,3.0,3.0,2.0,3.0,3.0,3.0,3.0,3.0,3.0,3.0,3.0,3.0,3.0,3.0,3.0,3.0,2.0,2.0,2.0,2.0,2.0,3.0,2.75,3.0,3.0,2.0
1,1,2.0,4.0,3.0,4.0,3.0,3.0,3.0,3.0,3.0,3.0,3.0,3.0,3.0,3.0,3.0,3.0,3.0,3.0,3.0,3.0,3.0,3.0,3.0,3.0,3.0,3.0,2.0,1.0,3.0,2.0,2.0,2.0,2.0,1.0,1.0,1.0,3.0,3.0,3.0,3.0,3.0,3.0,3.0,3.0,2.25,2.2,1.8,3.0
1,1,3.0,4.0,3.0,3.0,3.0,3.0,3.0,3.0,3.0,3.0,3.0,3.0,2.0,1.0,2.0,2.0,2.0,3.0,3.0,2.0,3.0,2.0,3.1242937853107344,2.0,2.0,1.0,3.0,2.0,4.0,2.0,3.0,3.0,3.0,1.0,2.0,3.0,3.0,2.0,3.0,3.0,4.0,2.0,4.0,2.556214689265537,2.0,3.0,2.2,3.2
1,1,2.0,4.0,3.0,12.0,1.0,4.0,4.0,4.0,4.0,4.0,4.0,4.0,4.0,4.0,4.0,4.0,4.0,4.0,4.0,4.0,4.0,4.0,4.0,4.0,4.0,4.0,4.0,4.0,4.0,4.0,4.0,4.0,4.0,4.0,4.0,4.0,4.0,4.0,4.0,4.0,4.0,4.0,4.0,3.85,4.0,4.0,4.0,4.0
1,1,2.0,4.0,3.0,2.0,1.0,4.0,4.0,4.0,1.0,4.0,4.0,4.0,4.0,4.0,4.0,4.0,4.0,4.0,4.0,4.0,4.0,4.0,4.0,4.0,4.0,4.0,4.0,4.0,4.0,4.0,4.0,4.0,4.0,4.0,4.0,4.0,4.0,4.0,4.0,4.0,4.0,4.0,4.0,3.7,4.0,4.0,4.0,4.0
1,1,2.0,4.0,0.0,3.0,3.0,3.0,3.0,3.0,3.0,2.0,2.0,3.0,2.0,3.0,3.0,3.0,2.0,4.0,3.0,3.0,3.0,3.0,3.0,3.0,1.0,1.0,2.0,2.0,4.0,2.0,4.0,4.0,4.0,2.0,2.0,2.0,4.0,4.0,4.0,4.0,4.0,4.0,4.0,2.85,1.5,3.6,2.8,4.0
1,1,2.0,4.0,3.0,3.0,3.0,3.0,3.0,3.0,3.0,3.0,3.0,3.0,3.0,3.0,3.0,3.0,3.0,3.0,3.0,3.0,3.0,3.0,3.0,3.0,2.0,2.0,2.0,2.0,3.0,3.0,3.0,3.0,3.0,3.0,3.0,3.0,3.0,3.0,3.0,3.0,3.0,3.0,3.0,3.0,2.0,3.0,3.0,3.0
1,1,2.0,5.0,1.0,3.0,4.0,2.0,3.0,3.0,2.0,3.0,2.0,4.0,4.0,1.0,3.0,4.0,4.0,4.0,3.0,4.0,4.0,3.0,2.0,3.0,4.0,4.0,3.0,4.0,4.0,4.0,4.0,4.0,4.0,1.0,3.0,4.0,2.0,3.0,3.0,2.0,3.0,2.0,3.0,3.1,3.75,4.0,2.6,2.6
1,1,2.0,8.0,3.0,3.0,3.0,3.0,2.0,3.0,3.0,3.0,4.0,3.0,4.0,3.0,3.0,3.0,3.0,3.0,3.0,3.0,3.0,3.0,3.0,3.0,2.0,2.0,1.0,3.0,3.0,3.0,3.0,3.0,3.0,2.0,4.0,2.0,2.0,2.0,3.0,3.0,3.0,3.0,3.0,3.05,2.0,3.0,2.4,3.0
2,1,2.0,4.0,0.0,3.0,4.0,3.0,3.0,3.0,3.0,3.0,3.0,3.0,3.0,3.0,3.0,3.0,3.0,3.0,3.0,3.0,3.0,3.0,3.0,3.0,3.0,2.0,2.0,2.0,2.0,2.0,3.0,3.0,3.0,3.0,3.0,3.0,3.0,3.0,2.0,2.0,2.0,2.0,2.0,3.05,2.25,2.6,3.0,2.0
2,1,2.0,4.0,1.0,11.0,4.0,4.0,4.0,4.0,4.0,4.0,4.0,4.0,4.0,4.0,3.0,3.0,3.0,3.0,3.0,3.0,3.0,3.0,3.0,3.0,3.0,2.0,4.0,1.0,3.0,3.0,3.0,3.0,2.0,2.0,3.0,2.0,3.0,3.0,3.0,3.0,3.0,3.0,4.0,3.5,2.5,2.8,2.6,3.2
2,1,2.0,4.0,0.0,11.0,3.0,3.0,3.0,3.0,3.0,3.0,3.0,3.0,3.0,3.0,3.0,3.0,3.0,3.0,3.0,3.0,3.0,3.0,3.0,3.0,3.0,3.0,3.0,3.0,3.0,3.0,3.0,3.0,3.0,3.0,3.0,3.0,3.0,3.0,3.0,3.0,3.0,3.0,3.0,3.0,3.0,3.0,3.0,3.0
2,1,2.0,2.0,0.0,3.0,4.0,4.0,4.0,4.0,4.0,4.0,4.0,4.0,4.0,4.0,4.0,4.0,4.0,4.0,4.0,4.0,4.0,4.0,4.0,4.0,4.0,4.0,4.0,4.0,4.0,4.0,4.0,4.0,4.0,4.0,4.0,4.0,4.0,4.0,4.0,4.0,4.0,4.0,4.0,4.0,4.0,4.0,4.0,4.0
2,1,2.0,4.0,7.0,2.0,2.0,3.0,3.0,2.0,2.0,3.0,2.0,2.0,2.0,2.0,2.0,3.0,3.0,3.0,3.0,3.0,3.0,3.0,3.0,2.0,2.0,2.0,2.0,2.0,2.0,2.0,2.0,2.0,3.0,2.0,3.0,3.0,3.0,3.0,2.0,2.0,2.0,2.0,2.0,2.55,2.0,2.2,2.8,2.0
1,1,2.0,4.0,1.0,3.0,4.0,4.0,4.0,3.0,3.0,3.0,3.0,3.0,3.0,3.0,3.0,3.0,3.0,3.0,3.0,3.0,3.0,3.0,3.0,3.0,2.0,2.0,2.0,1.0,4.0,4.0,3.0,3.0,3.0,1.0,1.0,1.0,1.0,1.0,2.0,2.0,2.0,3.0,2.0,3.15,1.75,3.4,1.0,2.2
2,1,2.0,4.0,7.0,3.0,4.0,4.0,4.0,3.0,3.0,3.0,3.0,3.0,3.0,3.0,3.0,3.0,3.0,3.0,3.0,3.0,3.0,3.0,3.0,3.0,2.0,2.0,2.0,2.0,3.0,3.0,3.0,3.0,3.0,2.0,3.0,3.0,3.0,3.0,3.0,3.0,3.0,3.0,3.0,3.15,2.0,3.0,2.8,3.0
2,1,2.0,2.0,0.0,3.0,4.0,2.0,4.0,3.0,4.0,4.0,4.0,4.0,4.0,4.0,4.0,4.0,4.0,4.0,3.0,4.0,2.0,4.0,4.0,4.0,2.0,1.0,2.0,1.0,2.0,2.0,2.0,4.0,2.0,1.0,2.0,2.0,2.0,4.0,3.0,4.0,3.0,2.0,3.0,3.7,1.5,2.4,2.2,3.0
2,1,2.0,4.0,7.0,12.0,1.0,1.0,1.0,2.0,2.0,2.0,1.0,2.0,2.0,3.0,2.0,2.0,3.0,2.0,1.0,3.0,2.0,2.0,1.0,1.0,3.0,3.0,3.0,2.0,4.0,1.0,2.0,2.0,2.0,2.0,2.0,2.0,2.0,2.0,2.0,2.0,2.0,2.0,2.0,1.8,2.75,2.2,2.0,2.0
2,1,2.0,4.0,7.0,3.0,3.0,2.0,3.0,3.0,3.0,3.0,3.0,3.0,3.0,3.0,3.0,3.0,3.0,3.0,3.0,3.0,3.0,3.0,3.0,3.0,3.0,3.0,3.0,3.0,3.0,3.0,3.0,3.0,3.0,2.0,3.0,3.0,3.0,2.0,3.0,2.0,3.0,3.0,3.0,2.95,3.0,3.0,2.6,2.8
2,1,2.0,4.0,6.0,2.0,3.0,3.0,3.0,3.0,3.0,3.0,3.0,3.0,3.0,3.0,3.0,3.0,3.0,3.0,3.0,3.0,3.0,3.0,3.0,3.0,3.0,2.0,4.0,3.0,3.0,3.0,3.0,3.0,3.0,1.0,4.0,3.0,3.0,3.0,3.0,2.0,3.0,3.0,3.0,3.0,3.0,3.0,2.8,2.8
1,1,2.0,4.0,6.0,3.0,3.0,3.0,3.0,2.0,1.0,1.0,3.0,2.0,4.0,4.0,2.0,4.0,4.0,4.0,1.0,4.0,1.0,3.0,3.0,3.0,3.0,3.0,3.0,3.0,3.0,3.0,3.0,3.0,3.0,1.0,3.0,4.0,2.0,4.0,1.0,1.0,1.0,2.0,3.0,2.75,3.0,3.0,2.8,1.6
1,1,2.0,4.0,0.0,3.0,4.0,4.0,4.0,4.0,4.0,4.0,4.0,4.0,4.0,4.0,4.0,4.0,4.0,4.0,4.0,4.0,4.0,4.0,4.0,4.0,4.0,4.0,4.0,4.0,4.0,4.0,4.0,4.0,4.0,4.0,4.0,4.0,4.0,4.0,4.0,4.0,4.0,4.0,4.0,4.0,4.0,4.0,4.0,4.0
2,1,2.0,4.0,0.0,12.0,4.0,4.0,4.0,4.0,4.0,4.0,4.0,4.0,4.0,2.0,3.0,2.0,1.0,4.0,4.0,4.0,4.0,4.0,4.0,4.0,3.0,2.0,1.0,1.0,3.0,1.0,3.0,3.0,3.0,1.0,3.0,4.0,1.0,4.0,3.0,4.0,4.0,2.0,3.0,3.6,1.75,2.6,2.6,3.2
2,1,2.0,4.0,0.0,3.0,4.0,4.0,4.0,4.0,4.0,4.0,3.0,3.0,3.0,2.0,3.0,3.0,3.0,3.0,4.0,2.0,3.0,4.0,3.0,4.0,2.0,2.0,4.0,2.0,4.0,4.0,4.0,4.0,4.0,2.0,4.0,2.0,2.0,4.0,3.0,4.0,4.0,3.0,4.0,3.35,2.5,4.0,2.8,3.6
1,1,1.0,4.0,3.0,12.0,3.0,2.0,3.0,3.0,2.0,2.0,3.0,2.0,2.0,3.0,3.0,2.0,3.0,3.0,2.0,2.0,3.0,3.0581613508442778,3.1242937853107344,3.1710526315789473,3.0,2.0,3.0,3.0,2.0,3.0,3.0,3.0,3.0,2.0,2.0,2.0,2.0,2.0,2.0,2.0,2.0,2.0,2.0,2.617675388386698,2.75,2.8,2.0,2.0
2,1,2.0,6.0,7.0,2.0,4.0,3.0,3.0,4.0,4.0,4.0,4.0,4.0,4.0,4.0,4.0,4.0,4.0,3.0,3.0,3.0,3.0,3.0,3.0,3.0,2.0,2.0,2.0,2.0,2.0,1.0,2.0,2.0,2.0,1.0,2.0,4.0,1.0,1.0,2.0,2.0,2.0,1.0,3.0,3.55,2.0,1.8,1.8,2.0
2,1,2.0,4.0,1.0,11.0,4.0,4.0,4.0,4.0,4.0,4.0,4.0,4.0,4.0,4.0,4.0,4.0,4.0,4.0,4.0,4.0,4.0,4.0,4.0,4.0,3.0,2.0,3.0,4.0,4.0,3.0,4.0,4.0,3.0,1.0,3.0,3.0,3.0,2.0,2.0,2.0,3.0,3.0,4.0,4.0,3.0,3.6,2.4,2.8
1,1,2.0,8.0,0.0,2.0,4.0,4.0,4.0,4.0,3.0,4.0,4.0,4.0,4.0,4.0,4.0,4.0,4.0,4.0,4.0,4.0,4.0,4.0,4.0,4.0,2.0,2.0,2.0,2.0,2.0,2.0,3.0,3.0,3.0,2.0,2.0,3.0,3.0,3.0,3.0,2.0,3.0,3.0,2.0,3.95,2.0,2.6,2.6,2.6
1,1,2.0,4.0,3.0,12.0,4.0,4.0,4.0,4.0,4.0,4.0,4.0,4.0,4.0,4.0,4.0,4.0,4.0,4.0,4.0,4.0,4.0,4.0,4.0,4.0,3.0,2.0,1.0,2.0,4.0,4.0,4.0,4.0,4.0,1.0,4.0,2.0,4.0,4.0,4.0,4.0,4.0,4.0,4.0,4.0,2.0,4.0,3.0,4.0
2,1,2.0,8.0,0.0,3.0,4.0,4.0,4.0,4.0,4.0,4.0,4.0,4.0,4.0,4.0,4.0,4.0,4.0,4.0,4.0,4.0,4.0,4.0,4.0,4.0,4.0,4.0,2.0,1.0,4.0,1.0,2.0,1.0,1.0,1.0,3.0,4.0,1.0,1.0,3.0,1.0,1.0,1.0,3.0,4.0,2.75,1.8,2.0,1.8
2,1,2.0,4.0,7.0,2.0,3.0,2.0,2.0,2.0,2.0,2.0,2.0,3.0,2.0,2.0,2.0,2.0,2.0,2.0,2.0,2.0,2.0,2.0,2.0,2.0,2.0,2.0,2.0,2.0,2.0,2.0,2.0,2.0,2.0,2.0,2.0,2.0,2.0,2.0,2.0,2.0,2.0,2.0,2.0,2.1,2.0,2.0,2.0,2.0
1,1,2.0,4.0,3.0,3.0,4.0,4.0,4.0,4.0,4.0,4.0,4.0,4.0,4.0,4.0,4.0,4.0,4.0,3.0,4.0,4.0,4.0,4.0,4.0,4.0,2.0,2.0,4.0,1.0,3.0,1.0,2.0,1.0,4.0,1.0,4.0,4.0,3.0,3.0,4.0,4.0,3.0,1.0,4.0,3.95,2.25,2.2,3.0,3.2
1,1,2.0,4.0,0.0,2.0,3.0,3.0,3.0,3.0,3.0,3.0,3.0,3.0,3.0,3.0,3.0,3.0,3.0,4.0,3.0,3.0,3.0,3.0,3.0,4.0,2.0,2.0,3.0,1.0,3.0,3.0,2.0,3.0,3.0,3.0,3.0,3.0,3.0,3.0,3.0,3.0,3.0,3.0,3.0,3.1,2.0,2.8,3.0,3.0
1,1,2.0,4.0,3.0,3.0,2.0,3.0,3.0,3.0,2.0,3.0,2.0,3.0,2.0,3.0,3.0,3.0,3.0,3.0,3.0,3.0,3.0,3.0,3.0,2.0,3.0,3.0,3.0,3.0,3.0,3.0,3.0,3.0,3.0,2.0,3.0,3.0,3.0,3.0,3.0,3.0,3.0,3.0,3.0,2.75,3.0,3.0,2.8,3.0
1,1,2.0,4.0,6.0,3.0,3.0,3.0,3.0,3.0,3.0,3.0,3.0,3.0,3.0,3.0,3.0,3.0,3.0,3.0,3.0,3.0,3.0,3.0,3.0,3.0,2.0,2.0,2.0,2.0,4.0,4.0,3.0,3.0,3.0,2.0,3.0,4.0,3.0,3.0,2.0,3.0,4.0,3.0,3.0,3.0,2.0,3.4,3.0,3.0
1,1,2.0,4.0,3.0,12.0,3.0,3.0,4.0,4.0,4.0,4.0,3.0,3.0,2.0,2.0,3.0,3.0,4.0,4.0,3.0,3.0,2.9943714821763603,4.0,2.0,4.0,3.0,3.0,2.0,2.0,4.0,3.0,3.0,3.0,3.0,2.0,3.0,3.0,3.0,4.0,3.0,4.0,4.0,4.0,4.0,3.249718574108818,2.5,3.2,3.0,3.8
2,1,2.0,4.0,0.0,2.0,3.0,2.0,3.0,3.0,3.0,3.0,2.0,1.0,3.0,2.0,3.0,4.0,4.0,1.0,2.0,3.0,2.0,3.0,3.0,3.0,2.0,3.0,2.0,1.0,3.0,1.0,2.0,1.0,4.0,1.0,4.0,4.0,2.0,1.0,4.0,4.0,2.0,1.0,4.0,2.65,2.0,2.2,2.4,3.0
1,1,2.0,4.0,3.0,6.0,3.0,2.0,4.0,3.0,2.0,1.0,1.0,3.0,2.0,2.0,3.0,3.0,2.0,3.0,2.0,3.0,4.0,3.0,2.0,3.0,3.0,3.0,3.0,2.0,3.0,2.0,2.0,3.0,2.0,3.0,3.0,2.0,3.0,2.0,3.0,2.0,3.0,4.0,3.0,2.55,2.75,2.4,2.6,3.0
2,1,2.0,4.0,7.0,3.0,4.0,4.0,4.0,4.0,4.0,4.0,4.0,4.0,4.0,4.0,4.0,4.0,4.0,4.0,4.0,4.0,4.0,4.0,4.0,4.0,3.0,1.0,3.0,3.0,4.0,3.0,3.0,3.0,3.0,2.0,4.0,2.0,3.0,3.0,3.0,3.0,3.0,3.0,3.0,4.0,2.5,3.2,2.8,3.0
2,1,2.0,16.0,0.0,2.0,3.0,3.0,3.0,3.0,3.0,3.0,3.0,3.0,3.0,3.0,3.0,3.0,3.0,3.0,3.0,3.0,3.0,3.0,3.0,3.0,2.0,2.0,2.0,2.0,2.0,2.0,2.0,2.0,2.0,1.0,3.0,4.0,3.0,3.0,3.0,3.0,3.0,3.0,3.0,3.0,2.0,2.0,2.8,3.0
2,1,2.0,4.0,3.0,3.0,3.0,3.0,3.0,3.0,3.0,3.0,3.0,3.0,3.0,3.0,3.0,3.0,3.0,3.0,3.0,2.0,3.0,3.0,3.0,3.0,3.0,2.0,2.0,2.0,3.0,2.0,3.0,3.0,3.0,3.0,2.0,3.0,3.0,3.0,3.0,2.0,3.0,3.0,3.0,2.95,2.25,2.8,2.8,2.8
2,1,2.0,16.0,0.0,3.0,3.0,3.0,3.0,3.0,3.0,3.0,3.0,3.0,3.0,3.0,3.0,3.0,3.0,3.0,3.0,3.0,3.0,3.0,2.0,3.0,3.0,3.0,3.0,3.0,3.0,3.0,3.0,3.0,3.0,2.0,3.0,2.0,3.0,3.0,3.0,3.0,3.0,3.0,3.0,2.95,3.0,3.0,2.6,3.0
1,1,2.0,4.0,7.0,12.0,2.0,3.0,3.0,3.0,3.0,3.0,3.0,2.0,3.0,2.0,3.0,2.0,2.0,3.0,3.0,3.0,2.0,3.0,3.0,2.0,2.0,2.0,3.0,2.0,2.0,2.0,3.0,3.0,2.0,2.0,2.0,3.0,3.0,2.0,2.0,3.0,2.0,2.0,2.0,2.65,2.25,2.4,2.4,2.2
1,1,2.0,4.0,3.0,12.0,3.0,2.0,2.0,2.0,3.0,3.0,3.0,3.0,4.0,3.0,3.0,3.0,3.0,3.0,3.0,3.0,2.0,3.0,3.0,3.0,3.0,3.0,3.0,2.0,2.0,2.0,2.0,2.0,3.0,2.0,2.0,1.0,2.0,2.0,2.0,2.0,2.0,2.0,2.0,2.85,2.75,2.2,1.8,2.0
2,1,2.0,16.0,0.0,2.0,3.0,3.0,3.0,3.0,3.0,3.0,3.0,3.0,2.0,3.0,2.0,3.0,3.0,3.0,2.0,3.0,2.0,3.0,2.0,3.0,3.0,1.0,1.0,2.0,4.0,4.0,4.0,4.0,3.0,1.0,4.0,4.0,4.0,3.0,4.0,2.0,2.0,3.0,3.0,2.75,1.75,3.8,3.2,2.8
1,1,2.0,16.0,0.0,3.0,3.0,3.0,3.0,2.0,3.0,2.0,2.0,3.0,3.0,2.0,2.0,3.0,2.0,2.0,2.0,2.0,2.0,3.0,3.0,3.0,2.0,3.0,2.0,2.0,3.0,2.0,3.0,3.0,3.0,1.0,2.0,2.0,2.0,2.0,3.0,3.0,3.0,2.0,3.0,2.5,2.25,2.8,1.8,2.8
1,1,2.0,16.0,0.0,3.0,4.0,4.0,4.0,4.0,4.0,4.0,4.0,4.0,4.0,3.0,4.0,4.0,4.0,4.0,4.0,4.0,4.0,4.0,4.0,4.0,3.0,3.0,3.0,4.0,4.0,4.0,4.0,4.0,4.0,2.0,4.0,4.0,3.0,4.0,2.0,3.0,3.0,2.0,4.0,3.95,3.25,4.0,3.4,2.8
1,1,2.0,16.0,0.0,3.0,4.0,3.0,3.0,3.0,2.0,3.0,2.0,3.0,3.0,2.0,3.0,3.0,3.0,3.0,3.0,3.0,3.0,3.0,3.0,3.0,2.0,2.0,2.0,2.0,3.0,2.0,3.0,3.0,2.0,2.0,3.0,2.0,2.0,3.0,3.0,3.0,3.0,2.0,3.0,2.9,2.0,2.6,2.4,2.8
2,1,2.0,4.0,0.0,12.0,3.0,3.0,3.0,3.0,3.0,3.0,3.0,3.0,3.0,3.0,3.0,3.0,3.0,3.0,3.0,3.0,3.0,3.0,3.0,3.0,2.0,2.0,2.0,2.0,3.0,3.0,3.0,3.0,3.0,2.0,2.0,2.0,2.0,2.0,3.0,3.0,3.0,3.0,3.0,3.0,2.0,3.0,2.0,3.0
2,1,2.0,4.0,0.0,3.0,2.0,2.0,2.0,2.0,2.0,2.0,2.0,2.0,2.0,2.0,2.0,2.0,2.0,2.0,2.0,2.0,2.0,2.0,2.0,2.0,2.0,2.0,2.0,2.0,3.0,3.0,3.0,3.0,3.0,2.0,2.0,2.0,2.0,2.0,2.0,2.0,3.0,2.0,3.0,2.0,2.0,3.0,2.0,2.4
1,1,2.0,4.0,3.0,3.0,3.0,3.0,3.0,3.0,3.0,3.0,2.0,2.0,2.0,3.0,2.0,2.0,3.0,3.0,3.0,3.0,2.0,2.0,2.0,3.0,3.0,3.0,2.0,2.0,3.0,2.0,3.0,3.0,3.0,3.0,3.0,3.0,3.0,3.0,3.0,3.0,3.0,2.0,2.0,2.6,2.5,2.8,3.0,2.6
2,1,2.0,4.0,0.0,3.0,3.0,3.0,3.0,3.0,3.0,3.0,4.0,4.0,3.0,3.0,4.0,3.0,4.0,3.0,3.0,3.0,3.0,3.0,4.0,3.0,3.0,2.0,4.0,1.0,3.0,1.0,3.0,3.0,2.0,1.0,3.0,1.0,2.0,2.0,3.0,3.0,3.0,2.0,3.0,3.25,2.5,2.4,1.8,2.8
1,1,2.0,16.0,0.0,2.0,4.0,4.0,4.0,4.0,4.0,4.0,3.0,4.0,4.0,4.0,4.0,4.0,4.0,4.0,4.0,4.0,4.0,4.0,4.0,4.0,2.0,2.0,4.0,1.0,4.0,1.0,1.0,2.0,3.0,1.0,4.0,1.0,1.0,1.0,1.0,1.0,2.0,1.0,4.0,3.95,2.25,2.2,1.6,1.8
1,1,2.0,4.0,3.0,3.0,3.0,3.0,3.0,3.0,3.0,3.0,3.0,3.0,3.0,3.0,3.0,3.0,3.0,2.0,3.0,3.0,3.0,3.0,3.0,3.0,2.0,2.0,3.0,2.0,3.0,2.0,2.0,3.0,3.0,2.0,3.0,3.0,3.0,3.0,3.0,3.0,3.0,3.0,3.0,2.95,2.25,2.6,2.8,3.0
2,1,2.0,17.0,0.0,12.0,4.0,2.0,4.0,3.0,3.0,3.0,4.0,3.0,4.0,2.0,3.0,3.0,2.0,4.0,4.0,3.0,3.0,2.0,4.0,4.0,2.0,1.0,4.0,2.0,3.0,3.0,2.0,4.0,4.0,4.0,4.0,4.0,3.0,2.0,2.0,3.0,3.0,2.0,3.0,3.2,2.25,3.2,3.4,2.6
2,1,2.0,4.0,0.0,11.0,4.0,4.0,4.0,3.0,3.0,4.0,4.0,4.0,3.0,3.0,4.0,4.0,4.0,4.0,4.0,3.0,3.0,4.0,3.1242937853107344,4.0,1.0,1.0,2.0,1.0,4.0,3.0,4.0,4.0,3.0,1.0,3.0,4.0,3.0,3.0,3.0,4.0,4.0,3.0,4.0,3.656214689265537,1.25,3.6,2.8,3.6
2,1,2.0,1.0,7.0,3.0,1.0,2.0,1.0,2.0,1.0,3.0,3.0,3.0,2.0,3.0,3.0,2.0,3.0,2.0,2.0,2.0,2.0,3.0,3.0,3.0,1.0,1.0,1.0,1.0,3.0,3.0,3.0,2.0,2.0,2.0,3.0,3.0,3.0,2.0,1.0,2.0,2.0,3.0,2.0,2.3,1.0,2.6,2.6,2.0
2,1,2.0,4.0,0.0,11.0,2.0,2.0,2.0,2.0,2.0,2.0,2.0,3.0,3.0,2.0,2.0,2.0,2.0,2.0,2.0,2.0,2.0,2.0,3.0,2.0,1.0,1.0,2.0,3.0,2.0,3.0,3.0,2.0,2.0,3.0,2.0,3.0,2.0,2.0,2.0,3.0,3.0,3.0,3.0,2.15,1.75,2.4,2.4,2.8
2,1,2.0,4.0,0.0,2.0,4.0,3.0,4.0,4.0,3.0,4.0,3.0,3.0,3.0,2.0,4.0,4.0,4.0,4.0,4.0,4.0,2.0,4.0,3.0,3.0,3.0,3.0,4.0,2.0,4.0,4.0,3.0,3.0,2.0,1.0,3.0,4.0,3.0,3.0,3.0,3.0,3.0,3.0,3.0,3.45,3.0,3.2,2.8,3.0
2,1,2.0,8.0,0.0,3.0,3.0,3.0,4.0,3.0,2.0,3.0,3.0,2.0,3.0,3.0,3.0,3.0,3.0,2.0,4.0,3.0,2.0,3.0,4.0,3.0,2.0,2.0,3.0,1.0,4.0,3.0,4.0,4.0,4.0,1.0,4.0,3.0,3.0,3.0,3.0,4.0,4.0,4.0,4.0,2.95,2.0,3.8,2.8,3.8
1,1,2.0,4.0,3.0,5.0,1.0,1.0,2.0,3.0,2.0,2.0,3.0,3.0,2.0,2.0,4.0,4.0,2.0,2.0,1.0,2.0,1.0,3.0,1.0,2.0,2.0,2.0,1.0,2.0,4.0,2.0,2.0,4.0,2.0,2.0,2.0,2.0,2.0,1.0,3.0,2.0,2.0,3.0,2.0,2.15,1.75,2.8,1.8,2.4
2,1,2.0,4.0,0.0,3.0,3.0,3.0,3.0,3.0,3.0,3.0,3.0,3.0,3.0,2.0,3.0,3.0,3.0,3.0,3.0,3.0,3.0,3.0,3.0,3.0,3.0,3.0,3.0,2.0,3.0,2.0,3.0,3.0,3.0,1.0,2.0,4.0,3.0,2.0,2.0,2.0,2.0,1.0,3.0,2.95,2.75,2.8,2.4,2.0
2,1,2.0,4.0,0.0,11.0,3.0,3.0,3.0,3.0,3.0,3.0,3.0,3.0,3.0,3.0,3.0,3.0,3.0,3.0,3.0,3.0,3.0,3.0,3.0,3.0,2.0,3.0,3.0,2.0,3.0,3.0,2.0,3.0,2.0,2.0,2.0,2.0,2.0,2.0,2.0,3.0,3.0,2.0,2.0,3.0,2.5,2.6,2.0,2.4
2,1,2.0,4.0,0.0,3.0,3.0,2.0,3.0,3.0,2.0,2.0,3.0,3.0,2.0,3.0,3.0,2.0,2.0,3.0,3.0,3.0,3.0,3.0,3.0,3.0,2.0,1.0,2.0,3.0,3.0,3.0,2.0,3.0,3.0,2.0,2.0,2.0,3.0,2.0,1.0,2.0,2.0,1.0,2.0,2.7,2.0,2.8,2.2,1.6
2,1,2.0,8.0,0.0,3.0,3.0,3.0,3.0,3.0,3.0,3.0,3.0,3.0,3.0,3.0,3.0,3.0,3.0,3.0,3.0,3.0,3.0,3.0,3.0,3.0,1.0,1.0,2.0,3.0,3.0,3.0,2.0,3.0,3.0,1.0,4.0,2.0,4.0,2.0,1.0,3.0,2.0,2.0,3.0,3.0,1.75,2.8,2.6,2.2
2,1,2.0,5.0,0.0,2.0,3.0,3.0,3.0,3.0,3.0,3.0,3.0,3.0,3.0,3.0,3.0,3.0,3.0,3.0,3.0,3.0,3.0,3.0,3.0,3.0,3.0,2.0,4.0,2.0,3.0,2.0,3.0,3.0,2.0,1.0,3.0,4.0,4.0,3.0,3.0,3.0,3.0,3.0,3.0,3.0,2.75,2.6,3.0,3.0
2,1,2.0,4.0,0.0,2.0,3.0,3.0,3.0,2.0,3.0,3.0,3.0,3.0,3.0,3.0,3.0,3.0,3.0,3.0,2.0,2.0,2.0,2.0,3.0,3.0,2.0,2.0,2.0,2.0,3.0,2.0,2.0,2.0,3.0,2.0,3.0,3.0,2.0,2.0,2.0,2.0,2.0,2.0,3.0,2.75,2.0,2.4,2.4,2.2
2,2,2.0,16.0,0.0,2.0,3.0,3.0,3.0,4.0,4.0,3.0,3.0,4.0,3.0,3.0,4.0,3.0,4.0,3.0,4.0,3.0,4.0,3.0,4.0,3.0,3.0,2.0,3.0,3.0,3.0,3.0,3.0,4.0,2.0,2.0,3.0,2.0,3.0,3.0,3.0,3.0,3.0,3.0,3.0,3.4,2.75,3.0,2.6,3.0
2,1,2.0,4.0,0.0,12.0,4.0,4.0,4.0,4.0,3.0,4.0,4.0,4.0,4.0,4.0,4.0,4.0,4.0,3.0,4.0,4.0,4.0,4.0,4.0,4.0,3.0,2.0,3.0,2.0,3.0,2.0,3.0,4.0,3.0,1.0,2.0,3.0,3.0,3.0,3.0,3.0,2.0,2.0,3.0,3.9,2.5,3.0,2.4,2.6
2,1,2.0,4.0,0.0,3.0,3.0,3.0,3.0,3.0,3.0,3.0,3.0,3.0,3.0,3.0,3.0,3.0,3.0,3.0,3.0,3.0,3.0,3.0,3.0,3.0,3.0,2.0,3.0,2.0,3.0,3.0,3.0,3.0,3.0,3.0,3.0,4.0,3.0,3.0,2.0,3.0,3.0,3.0,3.0,3.0,2.5,3.0,3.2,2.8
1,1,2.0,11.0,0.0,3.0,4.0,4.0,3.0,3.0,3.0,2.0,3.0,3.0,4.0,2.0,2.0,3.0,3.0,2.0,2.0,2.0,2.0,3.0,3.0,3.0,2.0,1.0,4.0,2.0,2.0,2.0,2.0,2.0,3.0,1.0,4.0,4.0,2.0,2.0,3.0,3.0,2.0,2.0,4.0,2.8,2.25,2.2,2.6,2.8
2,1,2.0,11.0,0.0,2.0,3.0,3.0,3.0,3.0,3.0,3.0,3.0,3.0,3.0,3.0,3.0,3.0,3.0,3.0,3.0,3.0,3.0,3.0,3.0,3.0,2.0,2.0,3.0,3.0,3.0,3.0,3.0,3.0,3.0,2.0,3.0,2.0,3.0,3.0,3.0,3.0,3.0,2.0,3.0,3.0,2.5,3.0,2.6,2.8
2,1,2.0,4.0,0.0,3.0,4.0,3.0,3.0,4.0,3.0,3.0,3.0,3.0,3.0,3.0,3.0,3.0,3.0,3.0,3.0,3.0,3.0,3.0,3.0,3.0,1.0,1.0,2.0,2.0,3.0,3.0,3.0,3.0,3.0,1.0,2.0,3.0,3.0,3.0,3.0,3.0,3.0,2.0,4.0,3.1,1.5,3.0,2.4,3.0
2,1,2.0,4.0,0.0,3.0,2.0,2.0,2.0,2.0,2.0,2.0,2.0,2.0,2.0,2.0,2.0,2.0,2.0,2.0,2.0,2.0,2.0,3.0,3.0,3.0,2.0,2.0,1.0,1.0,2.0,2.0,2.0,2.0,3.0,2.0,2.0,2.0,2.0,2.0,2.0,2.0,2.0,2.0,2.0,2.15,1.5,2.2,2.0,2.0
2,1,2.0,4.0,0.0,3.0,4.0,3.0,3.0,3.0,3.0,3.0,3.0,3.0,3.0,3.0,3.0,3.0,3.0,3.0,3.0,3.0,3.0,3.0,3.0,3.0,3.0,2.0,2.0,2.0,2.0,2.0,3.0,3.0,3.0,2.0,4.0,3.0,3.0,3.0,2.0,3.0,3.0,2.0,3.0,3.05,2.25,2.6,3.0,2.6
2,1,2.0,4.0,0.0,2.0,4.0,4.0,4.0,4.0,4.0,4.0,4.0,4.0,4.0,4.0,4.0,4.0,4.0,4.0,4.0,4.0,4.0,4.0,4.0,4.0,2.0,3.0,4.0,1.0,4.0,2.0,3.0,4.0,4.0,2.0,2.0,3.0,3.0,3.0,3.0,3.0,3.0,3.0,4.0,4.0,2.5,3.4,2.6,3.2
2,1,2.0,4.0,0.0,3.0,3.0,3.0,3.0,3.0,3.0,3.0,3.0,3.0,3.0,3.0,3.0,3.0,3.0,2.0,3.0,3.0,3.0,3.0,3.0,3.0,2.0,2.0,3.0,3.0,3.0,2.0,4.0,3.0,2.0,3.0,2.0,3.0,2.0,3.0,2.0,3.0,2.0,3.0,3.0,2.95,2.5,2.8,2.6,2.6
2,1,2.0,4.0,0.0,11.0,2.0,3.0,3.0,2.0,2.0,3.0,3.0,3.0,2.0,2.0,2.0,2.0,2.0,3.0,1.0,2.0,3.0,2.0,3.0,3.0,3.0,3.0,3.0,1.0,2.0,2.0,2.0,2.0,2.0,3.0,3.0,4.0,2.0,1.0,2.0,2.0,2.0,1.0,1.0,2.4,2.5,2.0,2.6,1.6
2,1,2.0,4.0,0.0,3.0,4.0,3.0,4.0,3.0,3.0,3.0,4.0,4.0,4.0,3.0,4.0,3.0,4.0,3.0,3.0,3.0,3.0,3.0,3.0,3.0,1.0,1.0,3.0,1.0,3.0,2.0,3.0,3.0,3.0,2.0,3.0,3.0,3.0,2.0,2.0,3.0,3.0,2.0,3.0,3.35,1.5,2.8,2.6,2.6
2,1,2.0,4.0,0.0,2.0,4.0,4.0,4.0,4.0,4.0,4.0,4.0,4.0,4.0,4.0,4.0,4.0,4.0,4.0,4.0,4.0,4.0,4.0,4.0,4.0,1.0,1.0,1.0,2.0,3.0,1.0,3.0,3.0,3.0,2.0,2.0,3.0,2.0,2.0,3.0,3.0,2.0,1.0,2.0,4.0,1.25,2.6,2.2,2.2
2,1,2.0,4.0,0.0,11.0,3.0,3.0,3.0,4.0,3.0,3.0,3.0,3.0,3.0,3.0,3.0,3.0,4.0,4.0,4.0,3.0,3.0,3.0,3.0,4.0,3.0,2.0,4.0,3.0,2.0,3.0,2.0,3.0,3.0,1.0,4.0,4.0,3.0,3.0,3.0,2.0,3.0,3.0,3.0,3.25,3.0,2.6,3.0,2.8
2,1,2.0,2.0,0.0,2.0,3.0,3.0,3.0,3.0,3.0,2.0,4.0,2.0,2.0,2.0,2.0,3.0,2.0,2.0,3.0,3.0,2.0,3.0,2.0,3.0,3.0,2.0,3.0,1.0,2.0,1.0,2.0,1.0,1.0,1.0,1.0,1.0,1.0,1.0,1.0,2.0,2.0,1.0,2.0,2.6,2.25,1.4,1.0,1.6
1,1,2.0,2.0,0.0,2.0,3.0,3.0,4.0,3.0,4.0,4.0,4.0,4.0,4.0,4.0,4.0,4.0,4.0,4.0,4.0,3.0,3.0,3.0,4.0,4.0,3.0,3.0,4.0,3.0,2.0,3.0,4.0,2.0,2.0,2.0,2.0,3.0,4.0,4.0,4.0,4.0,4.0,4.0,3.0,3.7,3.25,2.6,3.0,3.8
1,1,2.0,2.0,0.0,6.0,3.0,2.0,3.0,2.0,3.0,3.0,2.0,4.0,3.0,3.0,2.0,3.0,4.0,3.0,3.0,3.0,2.0,3.0,3.0,4.0,2.0,1.0,2.0,2.0,4.0,3.0,3.0,2.0,3.0,1.0,3.0,4.0,3.0,3.0,2.0,2.0,1.0,2.0,3.0,2.9,1.75,3.0,2.8,2.0
1,1,2.0,2.0,0.0,3.0,3.0,3.0,2.0,1.0,3.0,2.0,4.0,2.0,4.0,3.0,3.0,3.0,3.0,3.0,3.0,3.0,3.0,3.0,3.0,3.0,4.0,4.0,4.0,2.0,1.0,1.0,1.0,1.0,4.0,2.0,4.0,4.0,3.0,3.0,3.0,3.0,3.0,3.0,3.0,2.85,3.5,1.6,3.2,3.0
2,1,2.0,2.0,0.0,3.0,3.0,3.0,3.0,3.0,3.0,3.0,2.0,3.0,1.0,1.0,3.0,2.0,1.0,3.0,2.0,2.0,3.0,3.0,3.0,3.0,2.0,2.0,4.0,1.0,4.0,2.0,3.0,2.0,2.0,1.0,2.0,4.0,3.0,2.0,3.0,3.0,2.0,2.0,3.0,2.5,2.25,2.6,2.4,2.6
2,1,2.0,2.0,0.0,11.0,3.0,2.0,3.0,3.0,3.0,3.0,3.0,2.0,2.0,3.0,3.0,2.0,3.0,2.0,3.0,2.0,3.0,2.0,2.0,2.0,3.0,2.0,2.0,2.0,2.0,2.0,2.0,3.0,4.0,2.0,2.0,4.0,2.0,2.0,2.0,3.0,2.0,3.0,3.0,2.55,2.25,2.6,2.4,2.6
2,1,2.0,2.0,0.0,11.0,4.0,3.0,3.0,3.0,4.0,4.0,4.0,3.0,3.0,3.0,4.0,3.0,3.0,3.0,3.0,4.0,4.0,3.0,3.0,3.0,3.0,2.0,2.0,2.0,3.0,3.0,2.0,3.0,3.0,2.0,3.0,3.0,3.0,2.0,2.0,3.0,3.0,2.0,2.0,3.35,2.25,2.8,2.6,2.4
2,1,2.0,2.0,0.0,3.0,2.0,3.0,2.0,3.0,2.0,2.0,2.0,2.0,2.0,2.0,2.0,2.0,2.0,2.0,3.0,2.0,3.0,2.0,2.0,3.0,3.0,3.0,4.0,1.0,2.0,1.0,2.0,2.0,1.0,1.0,2.0,4.0,2.0,1.0,1.0,2.0,2.0,1.0,2.0,2.25,2.75,1.6,2.0,1.6
2,1,2.0,2.0,0.0,3.0,3.0,3.0,2.0,2.0,3.0,2.0,2.0,2.0,3.0,3.0,2.0,3.0,2.0,4.0,3.0,3.0,4.0,3.0,3.0,3.0,1.0,1.0,1.0,1.0,3.0,2.0,3.0,3.0,2.0,1.0,2.0,2.0,3.0,1.0,2.0,4.0,4.0,3.0,3.0,2.75,1.0,2.6,1.8,3.2
2,1,2.0,2.0,0.0,3.0,3.0,3.0,3.0,4.0,4.0,3.0,2.0,3.0,3.0,3.0,3.0,3.0,3.0,3.0,3.0,3.0,3.0,3.0,3.0,3.0,2.0,1.0,3.0,2.0,3.0,3.0,3.0,3.0,3.0,2.0,2.0,2.0,3.0,2.0,3.0,4.0,3.0,3.0,4.0,3.05,2.0,3.0,2.2,3.4
2,1,2.0,2.0,0.0,12.0,3.0,3.0,3.0,3.0,3.0,3.0,3.0,3.0,4.0,4.0,4.0,4.0,4.0,4.0,4.0,3.0,3.0,3.0,3.0,3.0,2.0,1.0,2.0,1.0,3.0,3.0,3.0,3.0,2.0,1.0,3.0,3.0,2.0,2.0,3.0,3.0,3.0,2.0,3.0,3.35,1.5,2.8,2.2,2.8
2,1,2.0,2.0,0.0,3.0,3.0,3.0,3.0,2.0,3.0,3.0,2.0,3.0,3.0,3.0,3.0,3.0,3.0,3.0,3.0,3.0,2.0,3.0,3.0,3.0,3.0,2.0,4.0,2.0,3.0,3.0,3.0,3.0,3.0,2.0,2.0,2.0,2.0,2.0,3.0,3.0,3.0,3.0,3.0,2.85,2.75,3.0,2.0,3.0
1,1,2.0,2.0,0.0,3.0,4.0,4.0,4.0,4.0,4.0,4.0,4.0,4.0,4.0,4.0,4.0,4.0,4.0,4.0,4.0,4.0,4.0,3.0,3.0,3.0,2.0,2.0,3.0,2.0,3.0,3.0,3.0,4.0,3.0,2.0,3.0,4.0,4.0,4.0,3.0,3.0,3.0,3.0,3.0,3.85,2.25,3.2,3.4,3.0
2,1,2.0,2.0,0.0,5.0,4.0,4.0,4.0,4.0,4.0,4.0,4.0,4.0,4.0,4.0,4.0,4.0,4.0,4.0,4.0,4.0,4.0,4.0,4.0,4.0,3.0,3.0,3.0,3.0,4.0,3.0,4.0,4.0,4.0,2.0,3.0,4.0,3.0,4.0,4.0,4.0,4.0,3.0,4.0,4.0,3.0,3.8,3.2,3.8
2,1,2.0,2.0,0.0,11.0,3.0,3.0,3.0,3.0,3.0,3.0,3.0,3.0,3.0,3.0,3.0,3.0,3.0,3.0,3.0,3.0,3.0,3.0,3.0,3.0,2.0,2.0,3.0,2.0,3.0,3.0,3.0,3.0,3.0,1.0,2.0,3.0,3.0,3.0,3.0,3.0,3.0,3.0,3.0,3.0,2.25,3.0,2.4,3.0
2,1,2.0,2.0,0.0,3.0,4.0,4.0,3.0,4.0,4.0,4.0,4.0,4.0,4.0,4.0,4.0,4.0,4.0,4.0,4.0,4.0,4.0,4.0,4.0,4.0,3.0,3.0,4.0,4.0,4.0,2.0,3.0,3.0,3.0,2.0,3.0,3.0,3.0,3.0,3.0,3.0,3.0,3.0,3.0,3.95,3.5,3.0,2.8,3.0
2,1,2.0,2.0,0.0,2.0,3.0,3.0,3.0,3.0,4.0,3.0,3.0,3.0,2.0,2.0,3.0,3.0,2.0,4.0,3.0,3.0,3.0,3.0,3.0,3.0,3.0,2.0,4.0,2.0,3.0,3.0,3.0,3.0,3.0,1.0,2.0,3.0,3.0,2.0,2.0,3.0,3.0,2.0,3.0,2.95,2.75,3.0,2.2,2.6
2,2,2.0,2.0,0.0,5.0,4.0,4.0,4.0,4.0,4.0,4.0,4.0,4.0,4.0,4.0,4.0,4.0,4.0,4.0,4.0,4.0,4.0,4.0,4.0,4.0,2.0,1.0,2.0,2.0,4.0,3.0,4.0,3.0,2.0,3.0,3.0,4.0,3.0,3.0,3.0,4.0,3.0,3.0,4.0,4.0,1.75,3.2,3.2,3.4
2,1,2.0,2.0,0.0,3.0,4.0,4.0,4.0,3.0,3.0,3.0,3.0,3.0,2.0,3.0,2.0,2.0,2.0,4.0,4.0,3.0,3.0,3.0,3.0,3.0,3.0,3.0,3.0,2.0,4.0,3.0,3.0,3.0,4.0,2.0,4.0,2.0,3.0,3.0,2.0,2.0,3.0,2.0,3.0,3.05,2.75,3.4,2.8,2.4
2,1,2.0,2.0,0.0,3.0,3.0,2.0,3.0,3.0,2.0,3.0,3.0,3.0,3.0,3.0,3.0,3.0,3.0,3.0,3.0,3.0,3.0,3.0,3.0,3.0,2.0,1.0,4.0,1.0,2.0,1.0,2.0,2.0,2.0,1.0,2.0,4.0,3.0,2.0,2.0,2.0,2.0,1.0,3.0,2.9,2.0,1.8,2.4,2.0
2,1,2.0,2.0,0.0,3.0,2.0,2.0,3.0,2.0,2.0,2.0,2.0,3.0,2.0,1.0,2.0,3.0,3.0,3.0,2.0,3.0,4.0,2.0,3.0,3.0,3.0,3.0,4.0,2.0,2.0,2.0,2.0,2.0,3.0,1.0,4.0,4.0,2.0,2.0,1.0,2.0,1.0,1.0,3.0,2.45,3.0,2.2,2.6,1.6
2,1,2.0,2.0,0.0,11.0,4.0,3.0,3.0,4.0,3.0,4.0,3.0,4.0,3.0,4.0,4.0,3.0,3.0,3.0,4.0,3.0,3.0,3.0,3.0,3.0,1.0,2.0,3.0,3.0,3.0,3.0,3.0,4.0,3.0,2.0,3.0,4.0,3.0,3.0,3.0,3.0,3.0,2.0,3.0,3.35,2.25,3.2,3.0,2.8
2,1,2.0,2.0,0.0,11.0,3.0,2.0,3.0,3.0,3.0,3.0,2.0,3.0,2.0,2.0,3.0,3.0,3.0,3.0,3.0,2.0,2.0,2.0,2.0,3.0,3.0,2.0,3.0,3.0,2.0,3.0,2.0,3.0,2.0,3.0,2.0,3.0,2.0,2.0,2.0,2.0,2.0,2.0,2.0,2.6,2.75,2.4,2.4,2.0
2,1,2.0,2.0,0.0,12.0,2.0,2.0,2.0,2.0,2.0,2.0,2.0,2.0,2.0,2.0,2.0,2.0,2.0,2.0,2.0,2.0,2.0,2.0,2.0,2.0,3.0,3.0,3.0,3.0,3.0,3.0,3.0,3.0,3.0,3.0,3.0,3.0,3.0,3.0,3.0,3.0,3.0,3.0,3.0,2.0,3.0,3.0,3.0,3.0
2,1,3.0,2.0,0.0,3.0,3.0,3.0,3.0,3.0,3.0,3.0,3.0,3.0,3.0,3.0,3.0,3.0,3.0,3.0,3.0,3.0,3.0,3.0,3.0,3.0,2.0,2.0,2.0,2.0,3.0,3.0,3.0,3.0,3.0,1.0,2.0,2.0,2.0,2.0,2.0,2.0,2.0,2.0,2.0,3.0,2.0,3.0,1.8,2.0
2,1,2.0,2.0,0.0,11.0,4.0,3.0,4.0,2.0,3.0,3.0,2.0,3.0,4.0,2.0,3.0,2.0,2.0,3.0,2.0,3.0,2.0,3.0,3.0,3.0,2.0,2.0,3.0,1.0,2.0,1.0,2.0,2.0,2.0,2.0,2.0,1.0,1.0,1.0,2.0,2.0,2.0,1.0,2.0,2.8,2.0,1.8,1.4,1.8
2,1,2.0,2.0,0.0,11.0,3.0,3.0,3.0,3.0,3.0,3.0,3.0,3.0,3.0,3.0,3.0,3.0,3.0,3.0,3.0,3.0,3.0,3.0,3.0,3.0,2.0,2.0,3.0,2.0,3.0,2.0,2.0,3.0,2.0,1.0,3.0,3.0,3.0,3.0,3.0,3.0,2.0,2.0,3.0,3.0,2.25,2.4,2.6,2.6
2,1,2.0,2.0,0.0,3.0,3.0,3.0,3.0,3.0,3.0,3.0,3.0,3.0,3.0,3.0,3.0,3.0,3.0,3.0,3.0,3.0,3.0,3.0,3.0,3.0,2.0,2.0,2.0,2.0,3.0,3.0,3.0,3.0,3.0,2.0,3.0,3.0,3.0,3.0,3.0,3.0,3.0,3.0,3.0,3.0,2.0,3.0,2.8,3.0
1,1,2.0,2.0,0.0,11.0,3.0,3.0,3.0,3.0,3.0,3.0,3.0,3.0,3.0,3.0,3.0,3.0,3.0,3.0,3.0,3.0,3.0,3.0,3.0,3.0,2.0,2.0,2.0,3.0,3.0,3.0,3.0,3.0,3.0,2.0,3.0,2.0,3.0,3.0,3.0,3.0,3.0,3.0,3.0,3.0,2.25,3.0,2.6,3.0
2,1,2.0,2.0,0.0,3.0,3.0,4.0,3.0,3.0,3.0,3.0,3.0,3.0,3.0,3.0,3.0,3.0,4.0,3.0,3.0,3.0,3.0,3.0,3.0,3.0,1.0,2.0,1.0,2.0,3.0,2.0,3.0,3.0,3.0,2.0,2.0,2.0,3.0,3.0,3.0,3.0,2.0,2.0,3.0,3.1,1.5,2.8,2.4,2.6
2,1,2.0,2.0,0.0,12.0,4.0,4.0,4.0,4.0,4.0,4.0,4.0,4.0,4.0,4.0,4.0,4.0,4.0,4.0,4.0,4.0,4.0,4.0,3.0,3.0,1.0,2.0,2.0,2.0,3.0,3.0,3.0,3.0,3.0,3.0,3.0,2.0,3.0,3.0,1.0,3.0,3.0,3.0,3.0,3.9,1.75,3.0,2.8,2.6
2,1,2.0,2.0,0.0,4.0,3.0,3.0,3.0,3.0,3.0,3.0,3.0,3.0,3.0,3.0,3.0,2.0,3.0,3.0,3.0,3.0,3.0,3.0,3.0,3.0,2.0,2.0,3.0,2.0,4.0,4.0,4.0,3.0,3.0,2.0,3.0,3.0,2.0,2.0,3.0,3.0,3.0,2.0,3.0,2.95,2.25,3.6,2.4,2.8
1,1,3.0,2.0,0.0,2.0,3.0,3.0,2.0,3.0,3.0,3.0,2.0,3.0,4.0,3.0,3.0,3.0,4.0,3.0,3.0,3.0,3.0,4.0,3.0,3.0,3.0,2.0,1.0,2.0,2.0,3.0,2.0,3.0,3.0,3.0,3.0,4.0,3.0,3.0,3.0,3.0,2.0,4.0,3.0,3.05,2.0,2.6,3.2,3.0
2,1,2.0,2.0,0.0,3.0,4.0,4.0,4.0,4.0,4.0,4.0,4.0,4.0,4.0,4.0,4.0,4.0,4.0,4.0,4.0,4.0,4.0,4.0,4.0,4.0,2.0,2.0,2.0,2.0,4.0,4.0,4.0,4.0,4.0,3.0,3.0,3.0,3.0,3.0,4.0,4.0,4.0,4.0,4.0,4.0,2.0,4.0,3.0,4.0
1,1,2.0,2.0,0.0,2.0,3.0,3.0,3.0,2.0,3.0,3.0,4.0,3.0,3.0,3.0,3.0,3.0,3.0,3.0,3.0,3.0,3.0,3.0,3.0,3.0,3.0,2.0,3.0,3.0,3.0,3.0,3.0,3.0,3.0,2.0,3.0,3.0,2.0,2.0,2.0,3.0,2.0,2.0,3.0,3.0,2.75,3.0,2.4,2.4
2,1,2.0,2.0,0.0,3.0,3.0,4.0,4.0,4.0,4.0,4.0,4.0,4.0,4.0,4.0,4.0,4.0,4.0,4.0,4.0,4.0,4.0,4.0,4.0,4.0,4.0,3.0,4.0,3.0,4.0,4.0,4.0,4.0,4.0,4.0,4.0,4.0,4.0,4.0,4.0,4.0,4.0,4.0,4.0,3.95,3.5,4.0,4.0,4.0
2,1,3.0,2.0,0.0,2.0,4.0,4.0,4.0,4.0,4.0,4.0,4.0,4.0,4.0,4.0,4.0,4.0,4.0,4.0,4.0,4.0,4.0,4.0,4.0,4.0,3.0,4.0,1.0,1.0,1.0,1.0,1.0,1.0,2.0,1.0,1.0,4.0,1.0,4.0,2.0,4.0,4.0,3.0,4.0,4.0,2.25,1.2,2.2,3.4
2,1,2.0,2.0,0.0,2.0,1.0,1.0,1.0,1.0,1.0,1.0,1.0,4.0,1.0,1.0,4.0,4.0,4.0,1.0,1.0,1.0,1.0,1.0,1.0,1.0,3.0,2.0,3.0,1.0,2.0,3.0,3.0,3.0,1.0,1.0,4.0,4.0,2.0,1.0,2.0,2.0,3.0,3.0,3.0,1.6,2.25,2.4,2.4,2.6
1,1,2.0,2.0,0.0,11.0,3.0,3.0,3.0,3.0,3.0,2.0,3.0,3.0,3.0,2.0,3.0,3.0,3.0,3.0,3.0,3.0,3.0,3.0,3.0,3.0,2.0,2.0,2.0,3.0,3.0,3.0,3.0,3.0,3.0,2.0,2.0,2.0,2.0,3.0,3.0,3.0,3.0,3.0,3.0,2.9,2.25,3.0,2.2,3.0
1,1,2.0,2.0,0.0,3.0,3.0,2.0,3.0,2.0,2.0,3.0,3.0,3.0,3.0,2.0,3.0,3.0,3.0,3.0,3.0,4.0,3.0,3.0,3.0,3.0,2.0,2.0,4.0,1.0,3.0,2.0,3.0,2.0,3.0,1.0,4.0,4.0,3.0,4.0,3.0,3.0,2.0,2.0,4.0,2.85,2.25,2.6,3.2,2.8
2,1,2.0,2.0,0.0,11.0,3.0,3.0,3.0,2.0,3.0,3.0,3.0,3.0,3.0,2.0,3.0,3.0,3.0,3.0,2.0,3.0,2.0,2.0,3.0,3.0,3.0,1.0,3.0,1.0,3.0,2.0,2.0,2.0,3.0,1.0,3.0,4.0,1.0,3.0,2.0,2.0,3.0,2.0,3.0,2.75,2.0,2.4,2.4,2.4
2,1,2.0,2.0,0.0,7.0,3.0,3.0,3.0,2.0,3.0,1.0,2.0,2.0,2.0,2.0,2.0,2.0,2.0,3.0,2.0,2.0,2.0,2.0,3.0,3.0,1.0,1.0,2.0,2.0,2.0,2.0,2.0,3.0,3.0,2.0,4.0,4.0,2.0,3.0,3.0,2.0,2.0,2.0,2.0,2.3,1.5,2.4,3.0,2.2
2,1,2.0,2.0,0.0,6.0,3.0,3.0,3.0,3.0,2.0,3.0,2.0,3.0,2.0,2.0,3.0,1.0,3.0,3.0,3.0,3.0,3.0,3.0,3.0,3.0,2.0,2.0,3.0,1.0,3.0,2.0,2.0,3.0,3.0,1.0,3.0,3.0,2.0,2.0,3.0,3.0,2.0,2.0,3.0,2.7,2.0,2.6,2.2,2.6
2,2,2.0,2.0,0.0,11.0,3.0,3.0,4.0,4.0,3.0,4.0,4.0,3.0,3.0,3.0,4.0,4.0,4.0,4.0,4.0,4.0,3.0,3.0,4.0,4.0,2.0,2.0,3.0,4.0,4.0,4.0,4.0,4.0,3.0,1.0,3.0,3.0,4.0,4.0,4.0,4.0,4.0,4.0,4.0,3.6,2.75,3.8,3.0,4.0
1,1,2.0,2.0,0.0,11.0,3.0,3.0,3.0,3.0,3.0,3.0,3.0,3.0,3.0,3.0,3.0,3.0,3.0,3.0,3.0,3.0,3.0,3.0,3.0,3.0,2.0,2.0,2.0,3.0,3.0,3.0,3.0,3.0,2.0,1.0,2.0,3.0,3.0,3.0,3.0,3.0,3.0,2.0,3.0,3.0,2.25,2.8,2.4,2.8
2,1,2.0,2.0,0.0,3.0,3.0,3.0,3.0,3.0,3.0,3.0,3.0,3.0,3.0,2.0,3.0,3.0,3.0,3.0,3.0,3.0,3.0,3.0,3.0,3.0,3.0,2.0,3.0,2.0,3.0,2.0,3.0,2.0,3.0,3.0,2.0,3.0,2.0,3.0,3.0,2.0,2.0,2.0,3.0,2.95,2.5,2.6,2.6,2.4
2,1,2.0,4.0,0.0,2.0,3.0,3.0,3.0,3.0,3.0,4.0,4.0,4.0,4.0,3.0,3.0,4.0,4.0,3.0,3.0,3.0,3.0,3.0,3.0,3.0,2.0,2.0,2.0,2.0,3.0,2.0,3.0,4.0,3.0,2.0,3.0,2.0,3.0,4.0,3.0,3.0,4.0,3.0,3.0,3.3,2.0,3.0,2.8,3.2
2,1,2.0,4.0,0.0,2.0,4.0,3.0,3.0,3.0,4.0,3.0,4.0,4.0,4.0,4.0,4.0,3.0,4.0,3.0,4.0,4.0,3.0,3.0,3.0,4.0,2.0,2.0,2.0,2.0,3.0,3.0,3.0,3.0,2.0,2.0,2.0,2.0,3.0,3.0,3.0,3.0,3.0,3.0,3.0,3.55,2.0,2.8,2.4,3.0
2,1,2.0,4.0,0.0,3.0,3.0,2.0,4.0,3.0,2.0,3.0,2.0,2.0,1.0,2.0,4.0,2.0,2.0,2.0,2.0,2.0,3.0,2.0,4.0,4.0,4.0,4.0,3.0,2.0,3.0,2.0,3.0,3.0,2.0,3.0,3.0,4.0,3.0,3.0,3.0,3.0,1.0,2.0,4.0,2.55,3.25,2.6,3.2,2.6
2,1,2.0,2.0,0.0,11.0,2.0,2.0,2.0,2.0,3.0,4.0,3.0,3.0,4.0,3.0,3.0,4.0,3.0,4.0,3.0,3.0,4.0,4.0,3.0,4.0,2.0,3.0,4.0,3.0,4.0,4.0,3.0,4.0,3.0,3.0,3.0,3.0,3.0,3.0,3.0,3.0,3.0,2.0,3.0,3.15,3.0,3.6,3.0,2.8
1,1,2.0,2.0,0.0,3.0,4.0,4.0,3.0,4.0,4.0,4.0,4.0,4.0,4.0,4.0,4.0,4.0,4.0,4.0,4.0,4.0,4.0,3.0,4.0,4.0,1.0,1.0,1.0,1.0,2.0,2.0,3.0,3.0,2.0,1.0,3.0,4.0,2.0,2.0,2.0,4.0,3.0,1.0,4.0,3.9,1.0,2.4,2.4,2.8
2,2,2.0,2.0,4.0,11.0,3.0,4.0,3.0,3.0,3.0,3.0,4.0,3.0,3.0,3.0,2.0,2.0,3.0,1.0,4.0,2.0,3.0,3.0,2.0,3.0,1.0,2.0,2.0,2.0,3.0,2.0,2.0,2.0,3.0,4.0,3.0,3.0,3.0,2.0,3.0,3.0,2.0,3.0,3.0,2.85,1.75,2.4,3.0,2.8
2,2,2.0,2.0,4.0,11.0,3.0,3.0,3.0,4.0,3.0,2.0,2.0,3.0,1.0,1.0,3.0,1.0,3.0,3.0,3.0,3.0,2.0,3.0,3.0,3.0,3.0,1.0,1.0,3.0,3.0,3.0,3.0,3.0,1.0,1.0,2.0,4.0,3.0,3.0,3.0,3.0,2.0,3.0,4.0,2.6,2.0,2.6,2.6,3.0
2,2,2.0,2.0,4.0,3.0,2.0,3.0,2.0,2.0,2.0,2.0,2.0,2.0,2.0,2.0,2.0,2.0,2.0,2.0,2.0,2.0,2.0,2.0,2.0,2.0,2.0,3.0,2.0,2.0,2.0,3.0,3.0,2.0,2.0,2.0,2.0,2.0,2.0,2.0,2.0,2.0,2.0,2.0,2.0,2.05,2.25,2.4,2.0,2.0
2,2,2.0,2.0,7.0,2.0,4.0,3.0,4.0,3.0,4.0,4.0,4.0,4.0,3.0,3.0,3.0,4.0,4.0,4.0,4.0,4.0,3.0,3.0,3.0,4.0,3.0,2.0,4.0,4.0,4.0,3.0,3.0,3.0,3.0,2.0,3.0,4.0,3.0,4.0,3.0,3.0,3.0,3.0,4.0,3.6,3.25,3.2,3.2,3.2
2,2,2.0,2.0,4.0,3.0,3.0,3.0,3.0,3.0,3.0,3.0,3.0,3.0,3.0,3.0,3.0,3.0,3.0,3.0,3.0,3.0,3.0,3.0,3.0,3.0,3.0,3.0,3.0,3.0,3.0,3.0,3.0,3.0,3.0,3.0,3.0,3.0,3.0,3.0,3.0,3.0,3.0,3.0,3.0,3.0,3.0,3.0,3.0,3.0
2,2,2.0,2.0,4.0,3.0,3.0,3.0,3.0,3.0,3.0,3.0,4.0,4.0,3.0,3.0,3.0,3.0,3.0,3.0,4.0,3.0,3.0,3.0,3.0,3.0,2.0,2.0,3.0,4.0,2.0,2.0,3.0,3.0,2.0,1.0,2.0,3.0,3.0,2.0,3.0,3.0,4.0,3.0,2.0,3.15,2.75,2.4,2.2,3.0
2,2,2.0,2.0,4.0,12.0,2.0,2.0,2.0,2.0,2.0,2.0,2.0,2.0,3.0,2.0,2.0,2.0,2.0,2.0,2.0,2.0,2.0,2.0,2.0,2.0,3.0,3.0,2.0,2.0,2.0,2.0,2.0,2.0,2.0,2.0,2.0,2.0,2.0,2.0,2.0,2.0,2.0,2.0,2.0,2.05,2.5,2.0,2.0,2.0
2,2,2.0,2.0,4.0,12.0,4.0,3.0,4.0,3.0,3.0,3.0,3.0,3.0,3.0,3.0,3.0,3.0,3.0,4.0,3.0,3.0,3.0,3.0,3.0,4.0,3.0,3.0,4.0,2.0,4.0,2.0,3.0,3.0,3.0,2.0,3.0,4.0,3.0,3.0,3.0,3.0,3.0,3.0,3.0,3.2,3.0,3.0,3.0,3.0
2,2,2.0,2.0,4.0,3.0,4.0,3.0,4.0,4.0,4.0,4.0,3.0,4.0,3.0,4.0,4.0,3.0,3.0,4.0,4.0,3.0,3.0,3.0,3.0,4.0,3.0,3.0,4.0,4.0,4.0,3.0,3.0,3.0,2.0,4.0,3.0,4.0,3.0,3.0,3.0,4.0,3.0,3.0,4.0,3.55,3.5,3.0,3.4,3.4
2,2,2.0,2.0,4.0,2.0,4.0,4.0,4.0,4.0,3.0,4.0,4.0,4.0,4.0,4.0,4.0,4.0,4.0,4.0,4.0,4.0,4.0,3.0,3.0,3.0,2.0,2.0,2.0,3.0,3.0,2.0,3.0,4.0,3.0,2.0,2.0,3.0,3.0,3.0,3.0,4.0,4.0,3.0,3.0,3.8,2.25,3.0,2.6,3.4
2,2,2.0,2.0,4.0,11.0,3.0,3.0,3.0,3.0,3.0,3.0,3.0,3.0,3.0,3.0,3.0,3.0,3.0,3.0,3.0,3.0,3.0,3.0,3.0,4.0,2.0,2.0,2.0,2.0,3.0,2.0,3.0,3.0,3.0,2.0,4.0,3.0,3.0,3.0,3.0,3.0,3.0,2.0,3.0,3.05,2.0,2.8,3.0,2.8
2,2,2.0,2.0,4.0,3.0,3.0,4.0,4.0,4.0,4.0,4.0,3.0,4.0,3.0,3.0,4.0,3.0,3.0,4.0,4.0,4.0,4.0,4.0,4.0,4.0,4.0,3.0,3.0,3.0,4.0,4.0,4.0,4.0,3.0,1.0,2.0,3.0,3.0,3.0,3.0,3.0,4.0,2.0,4.0,3.7,3.25,3.8,2.4,3.2
2,1,2.0,16.0,1.0,3.0,4.0,4.0,4.0,4.0,4.0,4.0,4.0,4.0,4.0,4.0,4.0,4.0,4.0,4.0,4.0,4.0,4.0,4.0,4.0,4.0,3.0,2.0,2.0,3.0,4.0,3.0,4.0,3.0,4.0,1.0,2.0,3.0,3.0,3.0,2.0,3.0,3.0,2.0,3.0,4.0,2.5,3.6,2.4,2.6
2,1,2.0,16.0,7.0,3.0,3.0,3.0,3.0,3.0,3.0,3.0,3.0,3.0,2.0,2.0,3.0,2.0,2.0,3.0,3.0,4.0,2.0,3.0,4.0,3.0,2.0,2.0,3.0,2.0,4.0,2.0,3.0,3.0,3.0,1.0,4.0,4.0,2.0,3.0,3.0,3.0,3.0,2.0,3.0,2.85,2.25,3.0,2.8,2.8
2,2,3.0,16.0,0.0,3.0,3.0,2.0,3.0,3.0,3.0,3.0,3.0,3.0,3.0,3.0,3.0,3.0,3.0,3.0,3.0,3.0,3.0,3.0,3.0,3.0,3.0,2.0,2.0,1.0,4.0,1.0,3.0,2.0,2.0,1.0,3.0,4.0,3.0,2.0,2.0,2.0,1.0,1.0,1.0,2.95,2.0,2.4,2.6,1.4
2,2,2.0,16.0,0.0,11.0,4.0,3.0,4.0,4.0,4.0,4.0,4.0,4.0,4.0,4.0,4.0,4.0,4.0,4.0,4.0,4.0,4.0,4.0,4.0,4.0,2.0,3.0,3.0,4.0,3.0,3.0,3.0,3.0,3.0,1.0,2.0,4.0,2.0,2.0,3.0,4.0,2.0,2.0,3.0,3.95,3.0,3.0,2.2,2.8
2,1,2.0,16.0,1.0,3.0,3.0,3.0,4.0,3.0,3.0,3.0,2.0,3.0,2.0,3.0,3.0,2.0,2.0,3.0,3.0,3.0,2.0,3.0,3.0,3.0,2.0,3.0,3.0,2.0,3.0,2.0,2.0,2.0,2.0,1.0,3.0,4.0,3.0,2.0,2.0,3.0,1.0,2.0,3.0,2.8,2.5,2.2,2.6,2.2
2,1,2.0,16.0,1.0,11.0,4.0,3.0,4.0,3.0,3.0,4.0,4.0,3.0,2.0,4.0,4.0,4.0,4.0,4.0,4.0,3.0,4.0,4.0,3.0,3.0,2.0,2.0,4.0,3.0,4.0,3.0,4.0,4.0,4.0,1.0,3.0,4.0,3.0,3.0,4.0,4.0,3.0,3.0,3.0,3.55,2.75,3.8,2.8,3.4
2,1,2.0,16.0,1.0,3.0,4.0,4.0,4.0,3.0,3.0,3.0,2.0,2.0,2.0,3.0,3.0,2.0,2.0,3.0,3.0,3.0,3.0,3.0,3.0,3.0,4.0,3.0,4.0,4.0,4.0,2.0,3.0,3.0,2.0,2.0,4.0,4.0,2.0,2.0,3.0,3.0,3.0,2.0,3.0,2.9,3.75,2.8,2.8,2.8
2,2,2.0,16.0,0.0,3.0,2.0,3.0,3.0,2.0,3.0,3.0,2.0,3.0,3.0,3.0,3.0,3.0,2.0,2.0,2.0,2.0,2.0,2.0,2.0,3.0,3.0,3.0,2.0,3.0,3.0,2.0,2.0,2.0,2.0,2.0,2.0,3.0,2.0,3.0,2.0,3.0,3.0,2.0,3.0,2.5,2.75,2.2,2.4,2.6
2,1,2.0,16.0,1.0,3.0,4.0,4.0,4.0,3.0,4.0,4.0,4.0,4.0,3.0,3.0,3.0,3.0,3.0,4.0,4.0,4.0,3.0,3.0,4.0,4.0,2.0,1.0,4.0,3.0,3.0,2.0,3.0,3.0,3.0,2.0,3.0,3.0,2.0,2.0,2.0,2.0,2.0,2.0,2.0,3.6,2.5,2.8,2.4,2.0
1,2,2.0,16.0,0.0,12.0,2.0,2.0,3.0,2.0,3.0,2.0,2.0,2.0,2.0,2.0,2.0,2.0,2.0,2.0,2.0,2.0,2.0,2.0,2.0,2.0,2.0,2.0,2.0,2.0,2.0,2.0,2.0,2.0,2.0,2.0,2.0,2.0,2.0,2.0,2.0,2.0,2.0,2.0,2.0,2.1,2.0,2.0,2.0,2.0
2,1,2.0,16.0,1.0,3.0,3.0,2.0,3.0,3.0,3.0,3.0,2.0,3.0,3.0,3.0,3.0,2.0,2.0,3.0,3.0,3.0,2.0,3.0,3.0,3.0,3.0,3.0,3.0,2.0,3.0,2.0,2.0,2.0,2.0,2.0,2.0,2.0,3.0,2.0,2.0,2.0,2.0,2.0,2.0,2.75,2.75,2.2,2.2,2.0
2,1,2.0,16.0,1.0,3.0,4.0,4.0,4.0,4.0,4.0,4.0,4.0,4.0,4.0,4.0,4.0,4.0,4.0,4.0,4.0,4.0,4.0,4.0,4.0,4.0,1.0,1.0,1.0,2.0,3.0,3.0,4.0,4.0,4.0,2.0,3.0,2.0,3.0,3.0,2.0,3.0,3.0,3.0,3.0,4.0,1.25,3.6,2.6,2.8
2,1,2.0,13.0,2.0,12.0,2.0,2.0,2.0,2.0,2.0,2.0,2.0,2.0,2.0,2.0,2.0,2.0,2.0,2.0,2.0,2.0,2.0,2.0,2.0,2.0,2.0,2.0,2.0,2.0,2.0,2.0,2.0,2.0,2.0,1.0,2.0,4.0,2.0,2.0,2.0,2.0,2.0,2.0,2.0,2.0,2.0,2.0,2.2,2.0
1,1,2.0,13.0,7.0,3.0,4.0,3.0,4.0,2.0,4.0,4.0,4.0,4.0,3.0,2.0,3.0,3.0,4.0,4.0,4.0,4.0,1.0,4.0,4.0,4.0,4.0,3.0,4.0,1.0,4.0,3.0,2.0,4.0,4.0,1.0,3.0,3.0,2.0,4.0,3.0,2.0,4.0,4.0,4.0,3.45,3.0,3.4,2.6,3.4
1,1,2.0,13.0,2.0,3.0,4.0,4.0,4.0,4.0,4.0,4.0,4.0,4.0,4.0,4.0,4.0,4.0,4.0,4.0,4.0,4.0,4.0,3.0,3.0,3.0,3.0,3.0,3.0,3.0,3.0,3.0,3.0,3.0,3.0,1.0,2.0,2.0,2.0,2.0,2.0,2.0,2.0,2.0,2.0,3.85,3.0,3.0,1.8,2.0
2,1,2.0,13.0,5.0,12.0,2.0,1.0,1.0,2.0,3.0,4.0,3.0,4.0,4.0,2.0,2.0,4.0,4.0,4.0,2.0,2.0,1.0,1.0,2.0,4.0,3.0,1.0,3.0,3.0,2.0,1.0,1.0,1.0,1.0,1.0,4.0,4.0,2.0,1.0,1.0,1.0,2.0,1.0,2.0,2.6,2.5,1.2,2.4,1.4
2,1,2.0,13.0,2.0,12.0,3.0,3.0,3.0,3.0,3.0,3.0,3.0,3.0,3.0,3.0,3.0,3.0,4.0,4.0,3.0,4.0,2.0,3.0,4.0,4.0,3.0,2.0,4.0,2.0,3.0,3.0,3.0,3.0,3.0,1.0,4.0,3.0,3.0,3.0,3.0,3.0,3.0,2.0,3.0,3.2,2.75,3.0,2.8,2.8
1,1,2.0,13.0,2.0,3.0,3.0,3.0,3.0,3.0,3.0,3.0,3.0,3.0,2.0,2.0,2.0,3.0,3.0,3.0,3.0,3.0,3.0,3.0,3.0,2.0,3.0,3.0,2.0,2.0,3.0,3.0,3.0,3.0,3.0,1.0,3.0,4.0,2.0,3.0,3.0,3.0,3.0,2.0,4.0,2.8,2.5,3.0,2.6,3.0
1,1,2.0,13.0,2.0,11.0,4.0,3.0,3.0,3.0,3.0,3.0,3.0,3.0,3.0,3.0,3.0,3.0,3.0,3.0,3.0,3.0,3.0,3.0,3.0,3.0,3.0,3.0,3.0,2.0,3.0,3.0,3.0,3.0,3.0,1.0,3.0,4.0,3.0,3.0,3.0,3.0,3.0,3.0,3.0,3.05,2.75,3.0,2.8,3.0
1,1,2.0,13.0,5.0,4.0,3.0,2.0,3.0,3.0,3.0,3.0,2.0,4.0,4.0,3.0,3.0,3.0,1.0,1.0,2.0,3.0,2.0,3.0,2.0,3.0,3.0,3.0,3.0,2.0,3.0,2.0,2.0,2.0,3.0,1.0,3.0,4.0,2.0,2.0,2.0,2.0,3.0,2.0,2.0,2.65,2.75,2.4,2.4,2.2
2,1,2.0,13.0,2.0,11.0,3.0,3.0,3.0,3.0,3.0,3.0,3.0,3.0,3.0,3.0,3.0,3.0,3.0,3.0,3.0,3.0,3.0,3.0,3.0,3.0,2.0,2.0,2.0,2.0,3.0,3.0,3.0,3.0,3.0,3.0,3.0,3.0,3.0,3.0,3.0,3.0,3.0,3.0,3.0,3.0,2.0,3.0,3.0,3.0
2,1,2.0,13.0,2.0,2.0,4.0,3.0,3.0,3.0,4.0,3.0,3.0,3.0,2.0,2.0,3.0,3.0,4.0,4.0,3.0,3.0,3.0,3.0,3.0,3.0,3.0,3.0,3.0,4.0,4.0,2.0,3.0,3.0,3.0,3.0,3.0,2.0,3.0,3.0,3.0,3.0,3.0,2.0,3.0,3.1,3.25,3.0,2.8,2.8
2,1,2.0,13.0,2.0,11.0,2.0,3.0,4.0,3.0,2.0,2.0,2.0,3.0,3.0,2.0,3.0,3.0,2.0,2.0,3.0,2.0,3.0,2.0,3.0,4.0,2.0,2.0,3.0,4.0,4.0,3.0,3.0,3.0,3.0,3.0,3.0,4.0,3.0,3.0,2.0,2.0,3.0,3.0,3.0,2.65,2.75,3.2,3.2,2.6
1,1,2.0,13.0,2.0,3.0,3.0,3.0,3.0,4.0,3.0,3.0,4.0,3.0,3.0,3.0,3.0,3.0,3.0,3.0,3.0,3.0,3.0,3.0,3.0,3.0,2.0,2.0,3.0,1.0,4.0,2.0,3.0,3.0,3.0,1.0,4.0,4.0,3.0,3.0,3.0,3.0,3.0,3.0,3.0,3.1,2.0,3.0,3.0,3.0
2,1,2.0,13.0,2.0,3.0,4.0,4.0,3.0,3.0,4.0,4.0,4.0,3.0,3.0,3.0,3.0,3.0,3.0,4.0,4.0,4.0,4.0,4.0,3.0,4.0,3.0,2.0,3.0,4.0,4.0,2.0,4.0,4.0,3.0,2.0,4.0,4.0,3.0,3.0,3.0,4.0,4.0,3.0,4.0,3.55,3.0,3.4,3.2,3.6
1,1,2.0,13.0,2.0,3.0,2.0,2.0,1.0,3.0,3.0,2.0,2.0,2.0,2.0,2.0,2.0,1.0,1.0,1.0,1.0,2.0,2.0,2.0,3.0,2.0,4.0,3.0,4.0,1.0,3.0,2.0,2.0,2.0,2.0,1.0,3.0,4.0,2.0,2.0,2.0,1.0,3.0,2.0,3.0,1.9,3.0,2.2,2.4,2.2
2,1,2.0,13.0,5.0,3.0,3.0,3.0,4.0,2.0,2.0,3.0,3.0,2.0,3.0,3.0,2.0,3.0,2.0,3.0,3.0,3.0,1.0,3.0,2.0,2.0,2.0,1.0,4.0,2.0,3.0,1.0,2.0,3.0,3.0,1.0,2.0,4.0,1.0,2.0,2.0,3.0,3.0,2.0,2.0,2.6,2.25,2.4,2.0,2.4
2,1,2.0,13.0,5.0,3.0,3.0,3.0,3.0,3.0,3.0,3.0,3.0,3.0,3.0,3.0,3.0,3.0,3.0,3.0,3.0,3.0,3.0,3.0,3.0,3.0,3.0,3.0,3.0,3.0,2.0,2.0,3.0,3.0,2.0,1.0,3.0,3.0,2.0,2.0,3.0,2.0,2.0,3.0,3.0,3.0,3.0,2.4,2.2,2.6
2,1,2.0,13.0,5.0,3.0,3.0,3.0,3.0,2.0,3.0,4.0,4.0,3.0,3.0,3.0,3.0,3.0,3.0,4.0,2.0,3.0,2.0,2.0,3.0,3.0,2.0,2.0,4.0,2.0,2.0,3.0,2.0,4.0,3.0,1.0,4.0,1.0,3.0,2.0,3.0,3.0,2.0,2.0,3.0,2.95,2.5,2.8,2.2,2.6
1,1,2.0,13.0,5.0,11.0,4.0,3.0,3.0,2.0,3.0,3.0,3.0,4.0,3.0,3.0,3.0,3.0,3.0,3.0,3.0,3.0,3.0,2.0,3.0,3.0,2.0,2.0,3.0,1.0,3.0,1.0,2.0,1.0,3.0,1.0,3.0,4.0,2.0,1.0,2.0,3.0,2.0,2.0,3.0,3.0,2.0,2.0,2.2,2.4
2,1,2.0,13.0,5.0,4.0,4.0,4.0,4.0,4.0,4.0,4.0,4.0,4.0,4.0,4.0,4.0,3.0,4.0,4.0,4.0,4.0,4.0,4.0,4.0,4.0,2.0,1.0,1.0,2.0,3.0,3.0,4.0,4.0,3.0,3.0,4.0,2.0,3.0,4.0,4.0,4.0,4.0,4.0,4.0,3.95,1.5,3.4,3.2,4.0
1,1,2.0,13.0,5.0,3.0,3.0,3.0,3.0,3.0,3.0,3.0,3.0,3.0,2.0,1.0,3.0,3.0,3.0,3.0,3.0,2.0,3.0,3.0,3.0,3.0,3.0,2.0,3.0,1.0,3.0,2.0,3.0,3.0,3.0,1.0,3.0,4.0,3.0,3.0,3.0,3.0,2.0,2.0,2.0,2.8,2.25,2.8,2.8,2.4
1,1,2.0,13.0,2.0,3.0,4.0,3.0,3.0,3.0,3.0,3.0,3.0,3.0,3.0,3.0,3.0,4.0,4.0,3.0,3.0,3.0,3.0,3.0,3.0,3.0,3.0,2.0,2.0,3.0,3.0,3.0,3.0,3.0,2.0,2.0,3.0,3.0,3.0,3.0,3.0,3.0,2.0,2.0,3.0,3.15,2.5,2.8,2.8,2.6
1,1,2.0,13.0,2.0,3.0,2.0,3.0,3.0,2.0,2.0,2.0,2.0,2.0,3.0,2.0,2.0,2.0,3.0,3.0,2.0,2.0,4.0,3.0,3.0,4.0,3.0,2.0,2.0,2.0,3.0,2.0,2.0,3.0,2.0,1.0,4.0,4.0,1.0,2.0,2.0,3.0,2.0,2.0,2.0,2.55,2.25,2.4,2.4,2.2
1,1,2.0,13.0,2.0,12.0,3.0,3.0,3.0,3.0,3.0,3.0,3.0,3.0,3.0,3.0,3.0,3.0,3.0,3.0,3.0,3.0,3.0,3.0,3.0,3.0,2.0,2.0,2.0,1.0,3.0,2.0,3.0,3.0,3.0,2.0,3.0,3.0,3.0,3.0,3.0,3.0,2.0,2.0,3.0,3.0,1.75,2.8,2.8,2.6
2,1,2.0,13.0,2.0,2.0,3.0,3.0,3.0,3.0,2.0,2.0,3.0,3.0,3.0,3.0,3.0,4.0,4.0,3.0,3.0,3.0,3.0,2.0,3.0,3.0,2.0,2.0,2.0,3.0,3.0,3.0,3.0,3.0,3.0,2.0,3.0,4.0,2.0,2.0,2.0,3.0,2.0,3.0,3.0,2.95,2.25,3.0,2.6,2.6
2,1,2.0,13.0,2.0,2.0,3.0,3.0,3.0,3.0,2.0,2.0,3.0,3.0,3.0,3.0,3.0,4.0,4.0,3.0,3.0,3.0,3.0,2.0,3.0,3.0,2.0,2.0,2.0,3.0,3.0,3.0,3.0,3.0,3.0,2.0,3.0,4.0,2.0,2.0,2.0,3.0,2.0,3.0,3.0,2.95,2.25,3.0,2.6,2.6
1,1,2.0,18.0,3.0,3.0,3.0,3.0,3.0,3.0,3.0,3.0,3.0,3.0,3.0,3.0,3.0,3.0,3.0,3.0,3.0,3.0,3.0,3.0,3.0,3.0,2.0,2.0,2.0,2.0,3.0,3.0,3.0,3.0,3.0,2.0,2.0,2.0,2.0,2.0,2.0,2.0,2.0,2.0,2.0,3.0,2.0,3.0,2.0,2.0
2,1,2.0,14.0,5.0,3.0,3.0,3.0,4.0,2.0,3.0,3.0,2.0,3.0,3.0,2.0,3.0,2.0,2.0,3.0,3.0,3.0,2.0,2.0,3.0,3.0,3.0,3.0,3.0,2.0,3.0,2.0,3.0,3.0,2.0,1.0,2.0,4.0,1.0,2.0,2.0,2.0,2.0,1.0,3.0,2.7,2.75,2.6,2.0,2.0
2,1,2.0,13.0,5.0,3.0,2.0,3.0,2.0,3.0,4.0,3.0,3.0,2.0,4.0,3.0,3.0,1.0,1.0,4.0,3.0,3.0,3.0,3.0,3.0,3.0,2.0,2.0,2.0,3.0,4.0,3.0,3.0,3.0,3.0,1.0,4.0,3.0,2.0,3.0,2.0,2.0,3.0,2.0,4.0,2.8,2.25,3.2,2.6,2.6
2,1,2.0,13.0,5.0,3.0,4.0,3.0,4.0,3.0,4.0,3.0,3.0,3.0,3.0,2.0,3.0,3.0,3.0,3.0,3.0,3.0,3.0,3.0,3.0,3.0,2.0,2.0,4.0,4.0,4.0,3.0,2.0,3.0,4.0,1.0,3.0,4.0,3.0,3.0,2.0,3.0,3.0,4.0,4.0,3.1,3.0,3.2,2.8,3.2
2,1,2.0,13.0,5.0,3.0,4.0,4.0,4.0,2.0,3.0,4.0,4.0,3.0,2.0,1.0,2.0,2.0,2.0,3.0,3.0,3.0,2.0,3.0,4.0,3.0,2.0,2.0,4.0,3.0,4.0,3.0,3.0,3.0,3.0,1.0,4.0,3.0,3.0,3.0,3.0,3.0,3.0,2.0,4.0,2.9,2.75,3.2,2.8,3.0
2,1,2.0,13.0,5.0,11.0,4.0,3.0,3.0,3.0,4.0,4.0,4.0,4.0,4.0,3.0,4.0,3.0,3.0,4.0,3.0,3.0,3.0,3.0,4.0,3.0,2.0,3.0,4.0,2.0,3.0,2.0,4.0,3.0,3.0,4.0,3.0,4.0,3.0,3.0,3.0,3.0,3.0,2.0,3.0,3.45,2.75,3.0,3.4,2.8
1,1,2.0,13.0,2.0,3.0,3.0,3.0,2.0,1.0,2.0,2.0,2.0,3.0,2.0,2.0,3.0,2.0,3.0,3.0,3.0,2.0,2.0,2.0,3.0,3.0,3.0,4.0,3.0,1.0,2.0,2.0,2.0,2.0,2.0,1.0,2.0,3.0,3.0,2.0,2.0,2.0,2.0,2.0,2.0,2.4,2.75,2.0,2.2,2.0
2,1,2.0,13.0,5.0,12.0,3.0,3.0,3.0,3.0,3.0,3.0,3.0,3.0,3.0,3.0,3.0,3.0,3.0,3.0,3.0,3.0,2.0,2.0,3.0,3.0,3.0,2.0,3.0,1.0,3.0,2.0,2.0,3.0,2.0,1.0,3.0,3.0,3.0,3.0,3.0,3.0,3.0,3.0,3.0,2.9,2.25,2.4,2.6,3.0
1,1,2.0,13.0,5.0,3.0,3.0,3.0,3.0,2.0,2.0,3.0,3.0,2.0,2.0,3.0,3.0,1.0,3.0,3.0,3.0,3.0,2.0,3.0,3.0,4.0,2.0,2.0,2.0,3.0,3.0,2.0,2.0,2.0,2.0,1.0,2.0,3.0,3.0,2.0,3.0,2.0,3.0,2.0,3.0,2.7,2.25,2.2,2.2,2.6
1,1,1.0,4.0,6.0,11.0,4.0,4.0,4.0,4.0,4.0,4.0,4.0,4.0,4.0,4.0,4.0,4.0,4.0,4.0,4.0,4.0,4.0,4.0,3.0,4.0,2.0,2.0,4.0,2.0,4.0,3.0,3.0,3.0,2.0,2.0,3.0,2.0,3.0,3.0,2.0,2.0,2.0,2.0,4.0,3.95,2.5,3.0,2.6,2.4
2,1,1.0,4.0,6.0,11.0,4.0,4.0,4.0,4.0,4.0,4.0,2.0,4.0,3.0,2.0,3.0,3.0,2.0,4.0,4.0,3.0,4.0,4.0,4.0,4.0,2.0,2.0,2.0,1.0,2.0,1.0,2.0,2.0,1.0,1.0,2.0,4.0,2.0,2.0,2.0,3.0,1.0,2.0,3.0,3.5,1.75,1.6,2.2,2.2
2,1,1.0,4.0,6.0,3.0,1.0,1.0,3.0,2.0,2.0,3.0,2.0,3.0,2.0,2.0,2.0,3.0,2.0,2.0,2.0,3.0,2.0,2.0,2.0,3.0,2.0,3.0,3.0,3.0,3.0,3.0,3.0,3.0,3.0,2.0,3.0,3.0,3.0,3.0,3.0,3.0,3.0,3.0,3.0,2.2,2.75,3.0,2.8,3.0
2,1,1.0,4.0,6.0,2.0,4.0,4.0,4.0,4.0,4.0,4.0,4.0,4.0,4.0,4.0,4.0,4.0,4.0,4.0,4.0,4.0,4.0,4.0,4.0,4.0,4.0,2.0,2.0,2.0,4.0,2.0,3.0,4.0,4.0,1.0,4.0,4.0,2.0,2.0,2.0,3.0,2.0,2.0,4.0,4.0,2.5,3.4,2.6,2.6
2,1,1.0,4.0,6.0,12.0,4.0,4.0,4.0,4.0,4.0,4.0,4.0,3.0,3.0,4.0,4.0,3.0,3.0,4.0,3.0,4.0,4.0,4.0,3.0,3.0,4.0,3.0,3.0,3.0,3.0,3.0,3.0,4.0,4.0,2.0,3.0,3.0,3.0,3.0,3.0,3.0,3.0,3.0,4.0,3.65,3.25,3.4,2.8,3.2
1,1,1.0,7.0,6.0,3.0,3.0,3.0,3.0,3.0,3.0,3.0,3.0,3.0,3.0,3.0,3.0,3.0,3.0,3.0,3.0,3.0,3.0,3.0,3.0,3.0,2.0,1.0,3.0,3.0,4.0,3.0,3.0,3.0,3.0,3.0,4.0,4.0,3.0,3.0,4.0,3.0,3.0,3.0,4.0,3.0,2.25,3.2,3.4,3.4
2,1,1.0,4.0,6.0,3.0,3.0,3.0,3.0,2.0,3.0,3.0,3.0,3.0,3.0,3.0,3.0,3.0,3.0,3.0,3.0,3.0,3.0,3.0,3.0,3.0,2.0,1.0,3.0,2.0,3.0,1.0,2.0,3.0,2.0,1.0,3.0,1.0,2.0,3.0,2.0,2.0,2.0,2.0,3.0,2.95,2.0,2.2,2.0,2.2
2,1,1.0,4.0,6.0,11.0,3.0,3.0,3.0,3.0,3.0,3.0,3.0,3.0,3.0,2.0,3.0,2.0,2.0,3.0,3.0,3.0,3.0,3.0,3.0,3.0,2.0,2.0,1.0,1.0,2.0,1.0,2.0,2.0,3.0,1.0,3.0,4.0,3.0,1.0,2.0,2.0,1.0,1.0,2.0,2.85,1.5,2.0,2.4,1.6
1,1,1.0,4.0,6.0,11.0,3.0,2.0,3.0,2.0,3.0,1.0,2.0,2.0,2.0,2.0,2.0,2.0,2.0,2.0,2.0,2.0,2.0,2.0,2.0,2.0,2.0,2.0,2.0,2.0,3.0,2.0,2.0,2.0,2.0,1.0,1.0,4.0,1.0,1.0,1.0,1.0,1.0,1.0,1.0,2.1,2.0,2.2,1.6,1.0
2,1,2.0,13.0,5.0,2.0,3.0,3.0,3.0,3.0,3.0,4.0,3.0,3.0,3.0,3.0,3.0,4.0,4.0,3.0,3.0,3.0,2.0,3.0,3.0,3.0,3.0,2.0,3.0,2.0,3.0,2.0,3.0,3.0,2.0,1.0,4.0,4.0,2.0,2.0,2.0,3.0,3.0,2.0,3.0,3.1,2.5,2.6,2.6,2.6
2,1,1.0,4.0,6.0,3.0,3.0,3.0,3.0,3.0,3.0,3.0,2.0,2.0,3.0,4.0,2.0,2.0,2.0,4.0,3.0,3.0,3.0,3.0,3.0,3.0,2.0,2.0,3.0,2.0,3.0,3.0,3.0,3.0,3.0,1.0,3.0,3.0,3.0,3.0,2.0,3.0,3.0,3.0,4.0,2.85,2.25,3.0,2.6,3.0
2,1,1.0,4.0,6.0,3.0,3.0,3.0,3.0,3.0,3.0,3.0,3.0,3.0,3.0,3.0,3.0,3.0,3.0,3.0,3.0,3.0,3.0,3.0,4.0,3.0,3.0,2.0,3.0,1.0,3.0,1.0,3.0,3.0,3.0,1.0,3.0,3.0,3.0,3.0,1.0,3.0,3.0,1.0,4.0,3.05,2.25,2.6,2.6,2.4
2,1,2.0,13.0,2.0,3.0,3.0,3.0,3.0,3.0,3.0,3.0,3.0,3.0,3.0,3.0,3.0,3.0,3.0,3.0,3.0,3.0,3.0,3.0,3.0,3.0,3.0,3.0,3.0,2.0,3.0,2.0,2.0,2.0,2.0,1.0,3.0,2.0,3.0,2.0,3.0,3.0,3.0,3.0,3.0,3.0,2.75,2.2,2.2,3.0
2,1,2.0,13.0,5.0,11.0,3.0,3.0,3.0,3.0,3.0,3.0,3.0,3.0,2.0,3.0,3.0,2.0,2.0,3.0,3.0,3.0,3.0,3.0,3.0,3.0,2.0,2.0,3.0,2.0,3.0,2.0,2.0,3.0,3.0,1.0,3.0,3.0,2.0,2.0,2.0,3.0,2.0,2.0,3.0,2.85,2.25,2.6,2.2,2.4
2,1,2.0,13.0,2.0,3.0,3.0,3.0,3.0,3.0,3.0,3.0,3.0,3.0,3.0,3.0,3.0,3.0,3.0,3.0,3.0,3.0,2.0,3.0,3.0,3.0,3.0,3.0,3.0,3.0,3.0,2.0,2.0,2.0,2.0,1.0,3.0,1.0,3.0,2.0,2.0,1.0,3.0,2.0,3.0,2.95,3.0,2.2,2.0,2.2
2,1,2.0,13.0,2.0,11.0,3.0,3.0,3.0,4.0,3.0,3.0,3.0,3.0,3.0,3.0,3.0,3.0,3.0,3.0,3.0,3.0,3.0,3.0,3.0,3.0,3.0,3.0,4.0,2.0,3.0,3.0,3.0,3.0,2.0,1.0,3.0,4.0,3.0,3.0,2.0,3.0,3.0,2.0,3.0,3.05,3.0,2.8,2.8,2.6
2,1,2.0,13.0,2.0,3.0,3.0,2.0,2.0,3.0,2.0,2.0,3.0,3.0,2.0,3.0,2.0,3.0,4.0,2.0,3.0,3.0,2.0,3.0,2.0,3.0,3.0,3.0,3.0,1.0,1.0,1.0,2.0,2.0,1.0,1.0,2.0,4.0,2.0,1.0,1.0,1.0,1.0,3.0,2.0,2.6,2.5,1.4,2.0,1.6
1,1,2.0,34.0,2.0,9.0,2.0,4.0,4.0,4.0,4.0,4.0,4.0,4.0,4.0,4.0,3.0,3.0,4.0,4.0,4.0,4.0,4.0,4.0,4.0,4.0,2.0,2.0,3.0,2.0,4.0,4.0,4.0,4.0,4.0,1.0,3.0,2.0,4.0,4.0,4.0,4.0,4.0,4.0,4.0,3.8,2.25,4.0,2.8,4.0
2,1,2.0,34.0,2.0,3.0,2.0,4.0,1.0,2.0,4.0,4.0,3.0,4.0,1.0,1.0,2.0,4.0,1.0,1.0,2.0,3.0,1.0,4.0,3.0,4.0,1.0,3.0,4.0,1.0,1.0,4.0,2.0,3.0,1.0,4.0,3.0,1.0,2.0,1.0,1.0,3.0,1.0,4.0,2.0,2.55,2.25,2.2,2.2,2.2
2,1,1.0,4.0,6.0,11.0,4.0,3.0,4.0,4.0,3.0,3.0,4.0,4.0,3.0,3.0,4.0,3.0,4.0,3.0,3.0,3.0,3.0,3.0,3.0,4.0,3.0,3.0,3.0,1.0,3.0,3.0,3.0,3.0,3.0,3.0,3.0,4.0,3.0,3.0,3.0,4.0,3.0,3.0,4.0,3.4,2.5,3.0,3.2,3.4
1,1,3.0,13.0,7.0,3.0,3.0,4.0,3.0,2.0,4.0,4.0,4.0,2.0,3.0,2.0,4.0,2.0,1.0,3.0,3.0,3.0,4.0,4.0,4.0,4.0,1.0,1.0,3.0,2.0,3.0,2.0,3.0,4.0,3.0,1.0,4.0,4.0,2.0,3.0,3.0,3.0,3.0,2.0,4.0,3.15,1.75,3.0,2.8,3.0
1,1,2.0,34.0,7.0,3.0,4.0,4.0,4.0,4.0,4.0,4.0,4.0,4.0,4.0,4.0,4.0,4.0,4.0,4.0,4.0,4.0,4.0,4.0,4.0,4.0,1.0,1.0,1.0,1.0,4.0,2.0,2.0,3.0,3.0,3.0,3.0,3.0,3.0,3.0,3.0,3.0,3.0,3.0,3.0,4.0,1.0,2.8,3.0,3.0
2,1,2.0,34.0,7.0,3.0,4.0,4.0,4.0,4.0,4.0,4.0,4.0,4.0,4.0,4.0,4.0,4.0,2.0,4.0,4.0,4.0,4.0,4.0,4.0,4.0,3.0,2.0,1.0,2.0,4.0,3.0,3.0,3.0,4.0,1.0,3.0,4.0,3.0,3.0,4.0,4.0,3.0,1.0,3.0,3.9,2.0,3.4,2.8,3.0
1,1,2.0,36.0,7.0,12.0,4.0,3.0,4.0,3.0,3.0,4.0,3.0,3.0,3.0,4.0,2.0,3.0,3.0,3.0,3.0,4.0,3.0,4.0,3.0,4.0,2.0,2.0,2.0,3.0,4.0,4.0,3.0,3.0,4.0,2.0,3.0,3.0,4.0,4.0,3.0,4.0,4.0,4.0,4.0,3.3,2.25,3.6,3.2,3.8
2,1,2.0,34.0,1.0,1.0,4.0,4.0,4.0,4.0,1.0,4.0,1.0,4.0,1.0,4.0,4.0,4.0,4.0,4.0,4.0,1.0,4.0,1.0,4.0,4.0,4.0,1.0,1.0,4.0,1.0,4.0,4.0,4.0,4.0,1.0,1.0,1.0,4.0,4.0,4.0,4.0,4.0,1.0,4.0,3.25,2.5,3.4,2.2,3.4
1,1,2.0,34.0,2.0,3.0,1.0,1.0,1.0,1.0,1.0,1.0,1.0,1.0,1.0,1.0,1.0,1.0,1.0,1.0,1.0,1.0,3.0,3.0,1.0,2.0,1.0,2.0,3.0,1.0,4.0,3.0,4.0,3.0,4.0,3.0,1.0,3.0,1.0,2.0,2.0,2.0,2.0,1.0,1.0,1.25,1.75,3.6,2.0,1.6
1,1,2.0,34.0,2.0,12.0,4.0,4.0,4.0,4.0,4.0,4.0,4.0,4.0,4.0,4.0,4.0,4.0,4.0,4.0,4.0,4.0,4.0,4.0,4.0,4.0,3.0,3.0,3.0,3.0,3.0,3.0,3.0,3.0,3.0,3.0,4.0,3.0,3.0,3.0,4.0,4.0,4.0,4.0,4.0,4.0,3.0,3.0,3.2,4.0
2,1,1.0,4.0,6.0,11.0,3.0,3.0,3.0,2.0,3.0,3.0,2.0,2.0,2.0,2.0,2.0,3.0,3.0,4.0,3.0,2.0,3.0,3.0,3.0,3.0,4.0,3.0,4.0,2.0,3.0,1.0,2.0,3.0,3.0,3.0,4.0,4.0,3.0,3.0,2.0,2.0,3.0,1.0,3.0,2.7,3.25,2.4,3.4,2.2
1,1,2.0,34.0,7.0,9.0,3.0,3.0,4.0,1.0,3.0,3.0,2.0,3.0,2.0,3.0,2.0,2.0,3.0,2.0,1.0,2.0,3.0,3.0,2.0,2.0,2.0,3.0,3.0,3.0,4.0,2.0,2.0,3.0,2.0,1.0,3.0,4.0,3.0,3.0,3.0,3.0,3.0,3.0,3.0,2.45,2.75,2.6,2.8,3.0
2,2,2.0,34.0,7.0,3.0,4.0,4.0,4.0,3.0,2.0,2.0,1.0,4.0,3.0,2.0,4.0,4.0,3.0,4.0,3.0,3.0,1.0,2.0,3.0,4.0,3.0,1.0,1.0,2.0,4.0,2.0,1.0,1.0,1.0,1.0,2.0,2.0,3.0,2.0,3.0,1.0,4.0,2.0,3.0,3.0,1.75,1.8,2.0,2.6
1,1,2.0,34.0,7.0,9.0,3.0,3.0,3.0,2.0,3.0,3.0,4.0,3.0,3.0,3.0,3.0,3.0,3.0,4.0,3.0,3.0,2.0,3.0,3.0,3.0,3.0,3.0,3.0,1.0,3.0,3.0,3.0,3.0,3.0,1.0,3.0,3.0,2.0,3.0,3.0,3.0,3.0,2.0,4.0,3.0,2.5,3.0,2.4,3.0
2,1,2.0,19.0,2.0,3.0,4.0,4.0,3.0,3.0,3.0,2.0,1.0,4.0,4.0,3.0,3.0,3.0,3.0,4.0,4.0,4.0,4.0,3.0,3.0,3.0,1.0,3.0,3.0,3.0,4.0,3.0,3.0,3.0,3.0,1.0,2.0,2.0,2.0,4.0,3.0,3.0,3.0,4.0,2.0,3.25,2.5,3.2,2.2,3.0
1,1,2.0,34.0,7.0,12.0,3.0,3.0,3.0,2.0,2.0,3.0,2.0,3.0,3.0,2.0,2.0,3.0,2.0,3.0,3.0,3.0,2.0,2.0,3.0,3.0,3.0,3.0,3.0,2.0,3.0,2.0,3.0,3.0,2.0,3.0,3.0,3.0,3.0,3.0,3.0,3.0,3.0,2.0,3.0,2.6,2.75,2.6,3.0,2.8
2,1,1.0,4.0,6.0,11.0,4.0,4.0,4.0,4.0,4.0,4.0,4.0,4.0,4.0,3.0,4.0,4.0,4.0,4.0,4.0,4.0,3.0,4.0,3.0,4.0,3.0,3.0,4.0,3.0,3.0,3.0,3.0,3.0,3.0,2.0,3.0,4.0,3.0,3.0,2.0,3.0,3.0,2.0,3.0,3.85,3.25,3.0,3.0,2.6
2,1,2.0,34.0,7.0,4.0,4.0,4.0,4.0,4.0,4.0,4.0,4.0,4.0,4.0,4.0,3.0,3.0,3.0,4.0,4.0,4.0,4.0,3.0,4.0,4.0,3.0,3.0,3.0,2.0,4.0,3.0,4.0,4.0,4.0,4.0,4.0,4.0,3.0,3.0,4.0,4.0,4.0,4.0,4.0,3.8,2.75,3.8,3.6,4.0
1,1,2.0,34.0,1.0,2.0,3.0,3.0,3.0,4.0,3.0,3.0,3.0,4.0,3.0,2.0,4.0,4.0,3.0,4.0,3.0,4.0,3.0,4.0,3.0,4.0,1.0,2.0,1.0,4.0,4.0,1.0,3.0,3.0,1.0,2.0,1.0,2.0,3.0,1.0,3.0,3.0,3.0,1.0,3.0,3.35,2.0,2.4,1.8,2.6
2,1,2.0,34.0,7.0,3.0,4.0,4.0,4.0,4.0,4.0,4.0,4.0,4.0,4.0,4.0,4.0,4.0,4.0,4.0,4.0,4.0,4.0,4.0,4.0,4.0,1.0,1.0,1.0,1.0,4.0,4.0,4.0,4.0,4.0,3.0,3.0,3.0,3.0,3.0,4.0,4.0,4.0,4.0,4.0,4.0,1.0,4.0,3.0,4.0
1,1,2.0,34.0,2.0,12.0,4.0,3.0,3.0,4.0,3.0,3.0,2.0,3.0,4.0,3.0,3.0,3.0,3.0,4.0,4.0,4.0,4.0,3.0,4.0,2.0,3.0,1.0,2.0,1.0,4.0,3.0,3.0,4.0,3.0,1.0,2.0,2.0,3.0,1.0,4.0,2.0,4.0,4.0,3.0,3.3,1.75,3.4,1.8,3.4
2,1,1.0,4.0,6.0,12.0,4.0,3.0,3.0,3.0,3.0,3.0,3.0,3.0,3.0,1.0,3.0,2.0,3.0,3.0,3.0,3.0,3.0,3.0,3.0,3.0,2.0,2.0,2.0,2.0,2.0,3.0,3.0,3.0,3.0,2.0,4.0,4.0,3.0,3.0,3.0,3.0,3.0,3.0,3.0,2.9,2.0,2.8,3.2,3.0
2,1,2.0,34.0,7.0,12.0,4.0,4.0,4.0,4.0,4.0,4.0,4.0,4.0,4.0,4.0,4.0,4.0,4.0,4.0,4.0,4.0,4.0,4.0,4.0,4.0,1.0,1.0,1.0,1.0,4.0,4.0,4.0,4.0,4.0,4.0,4.0,4.0,4.0,4.0,4.0,4.0,4.0,4.0,4.0,4.0,1.0,4.0,4.0,4.0
1,1,1.0,4.0,6.0,3.0,3.0,3.0,3.0,4.0,4.0,4.0,4.0,4.0,4.0,4.0,4.0,4.0,4.0,4.0,4.0,4.0,4.0,4.0,4.0,4.0,2.0,2.0,2.0,2.0,3.0,4.0,4.0,4.0,4.0,2.0,2.0,2.0,2.0,2.0,3.0,3.0,3.0,3.0,3.0,3.85,2.0,3.8,2.0,3.0
2,1,2.0,19.0,7.0,11.0,4.0,4.0,4.0,4.0,4.0,4.0,4.0,4.0,2.0,1.0,3.0,3.0,4.0,4.0,4.0,3.0,3.0,4.0,4.0,4.0,1.0,1.0,2.0,1.0,3.0,3.0,4.0,4.0,4.0,1.0,2.0,4.0,2.0,3.0,3.0,3.0,3.0,4.0,4.0,3.55,1.25,3.6,2.4,3.4
2,1,2.0,19.0,7.0,3.0,3.0,4.0,3.0,4.0,3.0,4.0,3.0,4.0,3.0,2.0,4.0,3.0,4.0,4.0,4.0,4.0,3.0,4.0,4.0,3.0,3.0,3.0,3.0,2.0,4.0,2.0,2.0,2.0,4.0,1.0,2.0,4.0,3.0,2.0,4.0,3.0,3.0,2.0,4.0,3.5,2.75,2.8,2.4,3.2
2,1,2.0,19.0,7.0,2.0,3.0,2.0,3.0,3.0,3.0,3.0,2.0,2.0,1.0,2.0,3.0,2.0,2.0,3.0,3.0,3.0,3.0,3.0,3.0,3.0,3.0,2.0,2.0,3.0,3.0,3.0,2.0,2.0,2.0,3.0,2.0,2.0,2.0,4.0,2.0,2.0,2.0,2.0,2.0,2.6,2.5,2.4,2.6,2.0
1,2,2.0,18.0,6.0,3.0,4.0,4.0,4.0,4.0,4.0,4.0,4.0,4.0,4.0,4.0,4.0,4.0,4.0,4.0,4.0,4.0,4.0,4.0,4.0,4.0,4.0,4.0,4.0,4.0,4.0,4.0,4.0,4.0,1.0,1.0,1.0,4.0,4.0,4.0,4.0,4.0,4.0,4.0,4.0,4.0,4.0,3.4,2.8,4.0
2,1,2.0,19.0,7.0,3.0,4.0,4.0,4.0,4.0,3.0,4.0,3.0,3.0,2.0,3.0,2.0,1.0,1.0,2.0,3.0,3.0,3.0,2.0,3.0,3.0,1.0,1.0,3.0,2.0,3.0,2.0,3.0,3.0,3.0,1.0,3.0,4.0,2.0,2.0,3.0,2.0,2.0,2.0,3.0,2.85,1.75,2.8,2.4,2.4
2,1,2.0,19.0,7.0,3.0,4.0,4.0,4.0,4.0,4.0,4.0,4.0,4.0,4.0,3.0,4.0,4.0,4.0,4.0,4.0,4.0,4.0,4.0,4.0,4.0,2.0,1.0,3.0,2.0,4.0,4.0,4.0,4.0,3.0,1.0,3.0,3.0,3.0,3.0,3.0,3.0,3.0,3.0,4.0,3.95,2.0,3.8,2.6,3.2
2,1,2.0,19.0,7.0,3.0,3.0,3.0,3.0,3.0,4.0,3.0,3.0,3.0,2.0,2.0,2.0,2.0,3.0,3.0,3.0,3.0,3.0,3.0,3.0,3.0,2.0,2.0,3.0,3.0,3.0,1.0,3.0,3.0,2.0,2.0,3.0,4.0,2.0,2.0,2.0,3.0,3.0,2.0,3.0,2.85,2.5,2.4,2.6,2.6
2,1,2.0,19.0,7.0,3.0,3.0,1.0,1.0,3.0,3.0,3.0,3.0,3.0,1.0,1.0,1.0,1.0,1.0,4.0,3.0,1.0,2.0,3.0,2.0,1.0,3.0,3.0,4.0,1.0,3.0,1.0,2.0,2.0,4.0,1.0,4.0,4.0,2.0,2.0,1.0,3.0,1.0,1.0,2.0,2.05,2.75,2.4,2.6,1.6
1,1,2.0,19.0,7.0,3.0,4.0,4.0,4.0,4.0,4.0,4.0,4.0,4.0,4.0,4.0,4.0,4.0,4.0,4.0,4.0,4.0,4.0,4.0,4.0,4.0,2.0,2.0,2.0,2.0,4.0,4.0,4.0,4.0,4.0,1.0,2.0,3.0,3.0,3.0,3.0,3.0,3.0,3.0,3.0,4.0,2.0,4.0,2.4,3.0
2,1,2.0,19.0,7.0,3.0,1.0,4.0,2.0,4.0,4.0,2.0,3.0,2.0,1.0,1.0,4.0,1.0,1.0,4.0,4.0,3.0,4.0,4.0,4.0,3.0,1.0,1.0,4.0,1.0,3.0,4.0,4.0,3.0,3.0,1.0,4.0,4.0,1.0,4.0,4.0,4.0,4.0,3.0,3.0,2.8,1.75,3.4,2.8,3.6
2,1,2.0,21.0,7.0,3.0,4.0,3.0,4.0,3.0,3.0,4.0,4.0,3.0,3.0,4.0,4.0,3.0,3.0,4.0,4.0,3.0,4.0,3.0,4.0,3.0,1.0,2.0,4.0,3.0,4.0,4.0,4.0,4.0,3.0,2.0,3.0,4.0,2.0,3.0,4.0,4.0,3.0,3.0,4.0,3.5,2.5,3.8,2.8,3.6
1,1,2.0,19.0,7.0,12.0,3.0,3.0,3.0,3.0,3.0,3.0,3.0,3.0,3.0,3.0,3.0,3.0,3.0,3.0,3.0,3.0,3.0,3.0,3.0,3.0,2.0,2.0,2.0,2.0,3.0,3.0,3.0,3.0,3.0,2.0,2.0,2.0,2.0,2.0,2.0,3.0,3.0,3.0,3.0,3.0,2.0,3.0,2.0,2.8
2,1,2.0,19.0,7.0,3.0,3.0,3.0,3.0,3.0,3.0,3.0,3.0,3.0,3.0,3.0,3.0,3.0,3.0,3.0,3.0,3.0,3.0,3.0,3.0,3.0,2.0,2.0,2.0,2.0,2.0,3.0,3.0,3.0,3.0,3.0,3.0,2.0,3.0,2.0,3.0,3.0,3.0,2.0,3.0,3.0,2.0,2.8,2.6,2.8
2,1,2.0,19.0,7.0,3.0,3.0,3.0,4.0,3.0,3.0,2.0,3.0,3.0,3.0,3.0,4.0,2.0,3.0,3.0,3.0,4.0,4.0,3.0,2.0,3.0,2.0,2.0,4.0,4.0,3.0,3.0,3.0,4.0,3.0,2.0,4.0,4.0,3.0,3.0,3.0,3.0,2.0,2.0,4.0,3.05,3.0,3.2,3.2,2.8
2,1,2.0,19.0,7.0,11.0,3.0,3.0,3.0,3.0,3.0,3.0,3.0,3.0,3.0,3.0,3.0,3.0,3.0,3.0,3.0,3.0,3.0,3.0,3.0,3.0,3.0,3.0,3.0,1.0,2.0,1.0,1.0,1.0,1.0,1.0,1.0,3.0,2.0,1.0,1.0,1.0,1.0,2.0,2.0,3.0,2.5,1.2,1.6,1.4
2,1,2.0,19.0,7.0,12.0,3.0,3.0,3.0,3.0,3.0,3.0,3.0,3.0,3.0,3.0,3.0,3.0,3.0,3.0,3.0,3.0,3.0,3.0,3.0,3.0,2.0,2.0,3.0,2.0,3.0,3.0,3.0,3.0,3.0,3.0,4.0,4.0,3.0,3.0,3.0,3.0,3.0,2.0,3.0,3.0,2.25,3.0,3.4,2.8
2,1,2.0,19.0,7.0,2.0,4.0,3.0,3.0,3.0,3.0,3.0,3.0,4.0,3.0,3.0,3.0,3.0,3.0,3.0,3.0,3.0,4.0,3.0,3.0,3.0,2.0,2.0,2.0,2.0,3.0,3.0,3.0,3.0,2.0,1.0,3.0,4.0,2.0,3.0,3.0,3.0,3.0,3.0,3.0,3.15,2.0,2.8,2.6,3.0
2,1,2.0,19.0,7.0,3.0,3.0,3.0,3.0,3.0,3.0,3.0,3.0,3.0,3.0,3.0,3.0,3.0,3.0,3.0,3.0,3.0,3.0,3.0,3.0,3.0,2.0,2.0,3.0,2.0,3.0,3.0,3.0,3.0,3.0,3.0,3.0,3.0,3.0,2.0,2.0,3.0,2.0,2.0,2.0,3.0,2.25,3.0,2.8,2.2
2,1,2.0,19.0,7.0,3.0,3.0,3.0,3.0,3.0,3.0,3.0,4.0,3.0,3.0,2.0,3.0,2.0,2.0,3.0,3.0,3.0,3.0,3.0,3.0,3.0,2.0,2.0,3.0,3.0,3.0,3.0,3.0,3.0,3.0,2.0,3.0,4.0,3.0,3.0,3.0,3.0,2.0,2.0,3.0,2.9,2.5,3.0,3.0,2.6
2,1,2.0,19.0,7.0,3.0,3.0,3.0,3.0,3.0,4.0,2.0,2.0,3.0,3.0,2.0,2.0,2.0,2.0,3.0,3.0,3.0,3.0,3.0,3.0,3.0,2.0,2.0,3.0,2.0,3.0,3.0,3.0,3.0,3.0,2.0,3.0,4.0,3.0,3.0,3.0,3.0,3.0,2.0,4.0,2.75,2.25,3.0,3.0,3.0
2,1,2.0,19.0,7.0,11.0,3.0,3.0,3.0,3.0,3.0,3.0,2.0,3.0,2.0,3.0,3.0,3.0,4.0,4.0,3.0,3.0,4.0,3.0,3.0,3.0,2.0,2.0,3.0,2.0,3.0,3.0,3.0,3.0,3.0,1.0,3.0,3.0,3.0,3.0,3.0,3.0,3.0,2.0,3.0,3.05,2.25,3.0,2.6,2.8
2,1,2.0,19.0,7.0,3.0,3.0,3.0,3.0,3.0,3.0,3.0,2.0,3.0,2.0,2.0,3.0,3.0,3.0,4.0,3.0,3.0,3.0,3.0,3.0,3.0,3.0,4.0,1.0,2.0,3.0,1.0,3.0,3.0,3.0,1.0,2.0,4.0,3.0,2.0,2.0,3.0,3.0,2.0,3.0,2.9,2.5,2.6,2.4,2.6
2,1,2.0,19.0,7.0,3.0,3.0,3.0,3.0,4.0,3.0,4.0,3.0,3.0,4.0,4.0,3.0,3.0,3.0,3.0,3.0,3.0,4.0,3.0,3.0,4.0,3.0,1.0,3.0,1.0,3.0,3.0,3.0,3.0,3.0,1.0,2.0,4.0,2.0,2.0,2.0,2.0,1.0,2.0,3.0,3.3,2.0,3.0,2.2,2.0
2,1,2.0,19.0,7.0,11.0,4.0,3.0,3.0,2.0,4.0,4.0,3.0,3.0,3.0,2.0,2.0,1.0,3.0,4.0,3.0,3.0,2.0,3.0,3.0,4.0,2.0,4.0,3.0,1.0,3.0,3.0,3.0,3.0,4.0,1.0,3.0,4.0,2.0,2.0,3.0,4.0,2.0,2.0,2.0,2.95,2.5,3.2,2.4,2.6
2,1,2.0,19.0,7.0,3.0,3.0,3.0,3.0,3.0,4.0,4.0,3.0,3.0,2.0,3.0,2.0,3.0,2.0,4.0,3.0,3.0,3.0,3.0,3.0,3.0,2.0,2.0,3.0,2.0,3.0,2.0,2.0,2.0,2.0,2.0,3.0,4.0,3.0,2.0,2.0,3.0,3.0,2.0,3.0,3.0,2.25,2.2,2.8,2.6
2,1,2.0,19.0,7.0,3.0,4.0,4.0,4.0,3.0,3.0,3.0,3.0,3.0,3.0,4.0,3.0,3.0,3.0,3.0,4.0,4.0,3.0,3.0,4.0,4.0,2.0,2.0,3.0,4.0,4.0,4.0,4.0,3.0,4.0,1.0,3.0,2.0,4.0,4.0,4.0,4.0,3.0,4.0,4.0,3.4,2.75,3.8,2.8,3.8
2,1,2.0,19.0,7.0,12.0,3.0,3.0,3.0,3.0,3.0,3.0,3.0,3.0,3.0,3.0,3.0,4.0,4.0,4.0,3.0,3.0,3.0,3.0,3.0,3.0,3.0,2.0,3.0,2.0,3.0,2.0,3.0,3.0,3.0,2.0,4.0,4.0,3.0,3.0,3.0,3.0,3.0,3.0,4.0,3.15,2.5,2.8,3.2,3.2
2,1,2.0,19.0,7.0,3.0,4.0,3.0,3.0,4.0,4.0,3.0,3.0,4.0,3.0,3.0,3.0,3.0,3.0,3.0,3.0,3.0,4.0,3.0,3.0,4.0,3.0,3.0,3.0,3.0,3.0,3.0,4.0,4.0,3.0,4.0,4.0,4.0,2.0,2.0,1.0,2.0,3.0,2.0,3.0,3.3,3.0,3.4,3.2,2.2
2,1,2.0,19.0,2.0,3.0,3.0,3.0,3.0,3.0,3.0,3.0,3.0,3.0,3.0,3.0,3.0,3.0,3.0,3.0,3.0,3.0,3.0,3.0,3.0,3.0,2.0,2.0,4.0,3.0,3.0,3.0,3.0,3.0,3.0,1.0,4.0,4.0,2.0,1.0,3.0,3.0,3.0,3.0,3.0,3.0,2.75,3.0,2.4,3.0
2,1,1.0,4.0,6.0,3.0,3.0,3.0,3.0,3.0,3.0,3.0,3.0,3.0,3.0,3.0,4.0,3.0,3.0,2.0,2.0,2.0,2.0,3.0,3.0,3.0,2.0,2.0,3.0,1.0,2.0,2.0,2.0,2.0,2.0,1.0,2.0,3.0,3.0,2.0,3.0,3.0,3.0,3.0,3.0,2.85,2.0,2.0,2.2,3.0
1,1,2.0,19.0,7.0,3.0,3.0,2.0,3.0,2.0,3.0,2.0,3.0,2.0,3.0,2.0,3.0,3.0,2.0,3.0,3.0,2.0,3.0,2.0,3.0,2.0,3.0,2.0,3.0,2.0,3.0,2.0,3.0,2.0,3.0,3.0,2.0,2.0,3.0,3.0,3.0,2.0,3.0,3.0,3.0,2.55,2.5,2.6,2.6,2.8
2,1,2.0,19.0,7.0,3.0,4.0,4.0,4.0,4.0,4.0,3.0,4.0,4.0,4.0,4.0,4.0,3.0,3.0,4.0,4.0,4.0,4.0,4.0,4.0,4.0,2.0,3.0,3.0,3.0,4.0,4.0,4.0,4.0,4.0,1.0,4.0,4.0,1.0,3.0,3.0,3.0,3.0,1.0,4.0,3.85,2.75,4.0,2.6,2.8
2,1,2.0,19.0,7.0,3.0,3.0,3.0,3.0,4.0,2.0,2.0,2.0,4.0,2.0,1.0,3.0,2.0,4.0,4.0,4.0,4.0,3.0,3.0,3.0,3.0,1.0,2.0,1.0,3.0,3.0,4.0,4.0,4.0,4.0,1.0,3.0,1.0,3.0,2.0,3.0,3.0,2.0,1.0,4.0,2.95,1.75,3.8,2.0,2.6
2,1,2.0,19.0,7.0,11.0,3.0,3.0,3.0,2.0,3.0,2.0,2.0,2.0,2.0,2.0,2.0,2.0,2.0,4.0,2.0,3.0,3.0,2.0,3.0,3.0,3.0,2.0,3.0,1.0,3.0,2.0,3.0,3.0,4.0,4.0,4.0,4.0,2.0,2.0,2.0,2.0,3.0,2.0,3.0,2.5,2.25,3.0,3.2,2.4
2,1,2.0,18.0,7.0,11.0,3.0,3.0,3.0,2.0,2.0,3.0,2.0,2.0,2.0,2.0,4.0,2.0,2.0,4.0,3.0,3.0,3.0,2.0,4.0,3.0,3.0,3.0,2.0,3.0,3.0,2.0,3.0,2.0,2.0,1.0,4.0,4.0,2.0,2.0,2.0,3.0,3.0,1.0,4.0,2.7,2.75,2.4,2.6,2.6
2,1,2.0,19.0,7.0,3.0,4.0,3.0,3.0,4.0,3.0,4.0,3.0,4.0,4.0,3.0,4.0,3.0,4.0,3.0,4.0,3.0,4.0,4.0,4.0,4.0,1.0,2.0,2.0,3.0,3.0,3.0,3.0,3.0,3.0,1.0,4.0,3.0,3.0,4.0,3.0,3.0,4.0,3.0,4.0,3.6,2.0,3.0,3.0,3.4
1,1,2.0,19.0,7.0,3.0,3.0,4.0,3.0,3.0,3.0,3.0,4.0,3.0,3.0,3.0,2.0,3.0,3.0,4.0,3.0,3.0,2.0,3.0,3.0,4.0,3.0,3.0,4.0,1.0,3.0,2.0,2.0,3.0,2.0,4.0,4.0,4.0,3.0,3.0,2.0,2.0,2.0,2.0,3.0,3.1,2.75,2.4,3.6,2.2
2,1,2.0,19.0,7.0,3.0,3.0,3.0,3.0,3.0,3.0,3.0,3.0,3.0,3.0,3.0,3.0,3.0,3.0,3.0,3.0,3.0,3.0,3.0,3.0,3.0,2.0,2.0,2.0,2.0,3.0,3.0,3.0,3.0,3.0,1.0,3.0,3.0,3.0,3.0,2.0,3.0,3.0,3.0,3.0,3.0,2.0,3.0,2.6,2.8
2,1,2.0,19.0,7.0,3.0,4.0,2.0,3.0,1.0,2.0,3.0,2.0,4.0,4.0,4.0,4.0,4.0,4.0,1.0,2.0,4.0,2.0,3.0,4.0,4.0,2.0,2.0,3.0,1.0,3.0,4.0,4.0,3.0,4.0,1.0,4.0,4.0,3.0,3.0,4.0,4.0,4.0,2.0,4.0,3.05,2.0,3.6,3.0,3.6
1,1,2.0,19.0,7.0,3.0,4.0,4.0,4.0,4.0,4.0,4.0,4.0,4.0,4.0,4.0,4.0,4.0,4.0,4.0,4.0,4.0,4.0,4.0,4.0,4.0,2.0,2.0,3.0,3.0,3.0,3.0,3.0,3.0,3.0,2.0,3.0,2.0,3.0,3.0,3.0,3.0,3.0,3.0,3.0,4.0,2.5,3.0,2.6,3.0
2,1,2.0,19.0,7.0,3.0,3.0,3.0,3.0,3.0,3.0,3.0,2.0,3.0,2.0,2.0,3.0,2.0,2.0,3.0,3.0,3.0,3.0,3.0,3.0,3.0,2.0,2.0,3.0,2.0,3.0,3.0,3.0,3.0,3.0,2.0,2.0,3.0,3.0,2.0,2.0,2.0,3.0,2.0,3.0,2.75,2.25,3.0,2.4,2.4
2,1,2.0,19.0,7.0,3.0,3.0,3.0,3.0,3.0,3.0,3.0,3.0,3.0,3.0,3.0,3.0,3.0,3.0,3.0,3.0,3.0,3.0,3.0,3.0,3.0,2.0,2.0,3.0,4.0,3.0,3.0,3.0,3.0,3.0,1.0,3.0,3.0,3.0,3.0,3.0,3.0,3.0,2.0,3.0,3.0,2.75,3.0,2.6,2.8
2,1,2.0,19.0,7.0,3.0,4.0,4.0,4.0,3.0,4.0,4.0,2.0,3.0,3.0,3.0,4.0,3.0,4.0,4.0,4.0,3.0,3.0,4.0,4.0,4.0,2.0,3.0,4.0,1.0,4.0,3.0,4.0,3.0,4.0,1.0,4.0,4.0,2.0,3.0,2.0,3.0,3.0,3.0,4.0,3.55,2.5,3.6,2.8,3.0
2,1,2.0,19.0,7.0,3.0,3.0,3.0,3.0,3.0,3.0,3.0,3.0,3.0,3.0,3.0,3.0,3.0,3.0,3.0,3.0,3.0,3.0,3.0,3.0,3.0,2.0,2.0,3.0,3.0,3.0,3.0,3.0,3.0,3.0,1.0,3.0,3.0,3.0,2.0,2.0,3.0,2.0,2.0,3.0,3.0,2.5,3.0,2.4,2.4
1,1,2.0,34.0,7.0,12.0,4.0,4.0,4.0,4.0,4.0,4.0,4.0,4.0,4.0,4.0,4.0,3.0,4.0,4.0,4.0,4.0,4.0,4.0,4.0,4.0,1.0,1.0,1.0,1.0,1.0,1.0,1.0,1.0,1.0,1.0,1.0,1.0,1.0,1.0,4.0,4.0,1.0,1.0,1.0,3.95,1.0,1.0,1.0,2.2
1,1,2.0,19.0,2.0,3.0,3.0,3.0,3.0,4.0,4.0,3.0,3.0,3.0,3.0,2.0,2.0,2.0,2.0,4.0,4.0,3.0,4.0,4.0,4.0,3.0,1.0,1.0,3.0,3.0,3.0,2.0,3.0,3.0,4.0,1.0,3.0,3.0,3.0,3.0,2.0,3.0,3.0,3.0,3.0,3.15,2.0,3.0,2.6,2.8
2,1,2.0,19.0,7.0,11.0,3.0,3.0,4.0,2.0,3.0,3.0,3.0,3.0,3.0,3.0,4.0,4.0,4.0,4.0,3.0,4.0,2.0,3.0,4.0,4.0,1.0,1.0,4.0,3.0,3.0,4.0,4.0,4.0,3.0,3.0,3.0,4.0,3.0,3.0,2.0,3.0,3.0,1.0,4.0,3.3,2.25,3.6,3.2,2.6
2,1,2.0,19.0,7.0,3.0,3.0,2.0,3.0,3.0,2.0,3.0,2.0,2.0,3.0,2.0,3.0,1.0,1.0,4.0,3.0,3.0,2.0,2.0,4.0,2.0,1.0,1.0,4.0,2.0,3.0,3.0,3.0,3.0,2.0,1.0,3.0,3.0,2.0,3.0,3.0,3.0,3.0,3.0,3.0,2.5,2.0,2.8,2.4,3.0
2,1,2.0,19.0,7.0,3.0,3.0,3.0,4.0,3.0,3.0,4.0,3.0,3.0,3.0,2.0,3.0,1.0,1.0,3.0,3.0,2.0,3.0,3.0,3.0,3.0,2.0,1.0,2.0,1.0,2.0,2.0,2.0,3.0,2.0,1.0,3.0,3.0,2.0,1.0,2.0,2.0,1.0,2.0,3.0,2.8,1.5,2.2,2.0,2.0
2,1,2.0,19.0,7.0,3.0,4.0,3.0,4.0,4.0,4.0,4.0,3.0,3.0,2.0,2.0,2.0,2.0,2.0,4.0,4.0,4.0,3.0,4.0,4.0,4.0,2.0,2.0,2.0,1.0,3.0,3.0,4.0,4.0,4.0,1.0,2.0,4.0,3.0,4.0,3.0,3.0,4.0,3.0,4.0,3.3,1.75,3.6,2.8,3.4
2,1,2.0,34.0,7.0,3.0,4.0,4.0,4.0,4.0,4.0,4.0,4.0,4.0,4.0,4.0,4.0,4.0,4.0,4.0,4.0,4.0,4.0,4.0,4.0,4.0,4.0,4.0,4.0,4.0,4.0,4.0,4.0,4.0,4.0,4.0,4.0,4.0,4.0,4.0,4.0,4.0,4.0,4.0,4.0,4.0,4.0,4.0,4.0,4.0
2,1,2.0,19.0,7.0,3.0,3.0,2.0,3.0,3.0,2.0,3.0,3.0,2.0,1.0,1.0,2.0,2.0,2.0,3.0,3.0,2.0,3.0,3.0,3.0,2.0,3.0,3.0,3.0,2.0,2.0,2.0,2.0,3.0,3.0,2.0,2.0,3.0,3.0,3.0,2.0,3.0,3.0,2.0,2.0,2.4,2.75,2.4,2.6,2.4
2,1,2.0,19.0,7.0,2.0,4.0,3.0,3.0,3.0,4.0,4.0,3.0,3.0,4.0,3.0,4.0,4.0,4.0,4.0,3.0,3.0,3.0,3.0,4.0,4.0,2.0,2.0,2.0,3.0,3.0,3.0,3.0,3.0,3.0,2.0,3.0,3.0,3.0,2.0,3.0,3.0,3.0,2.0,3.0,3.5,2.25,3.0,2.6,2.8
2,1,2.0,19.0,7.0,3.0,4.0,2.0,3.0,3.0,3.0,4.0,4.0,2.0,2.0,3.0,3.0,1.0,1.0,3.0,3.0,2.0,2.0,2.0,3.0,3.0,4.0,3.0,4.0,1.0,2.0,2.0,3.0,3.0,3.0,1.0,3.0,4.0,1.0,2.0,2.0,3.0,3.0,2.0,4.0,2.65,3.0,2.6,2.2,2.8
2,1,2.0,19.0,7.0,2.0,3.0,3.0,3.0,3.0,3.0,3.0,4.0,2.0,2.0,1.0,2.0,3.0,4.0,3.0,3.0,2.0,2.0,2.0,2.0,3.0,3.0,2.0,3.0,1.0,3.0,2.0,3.0,2.0,1.0,1.0,3.0,4.0,2.0,3.0,2.0,3.0,1.0,1.0,4.0,2.65,2.25,2.2,2.6,2.2
2,1,2.0,19.0,7.0,3.0,3.0,3.0,4.0,4.0,4.0,4.0,2.0,3.0,1.0,3.0,2.0,2.0,2.0,4.0,4.0,4.0,3.0,3.0,4.0,2.0,3.0,3.0,4.0,2.0,4.0,4.0,3.0,3.0,3.0,1.0,3.0,2.0,2.0,2.0,3.0,3.0,3.0,2.0,3.0,3.05,3.0,3.4,2.0,2.8
2,1,2.0,19.0,7.0,4.0,4.0,4.0,2.0,2.0,2.0,2.0,4.0,3.0,4.0,4.0,3.0,4.0,4.0,4.0,3.0,1.0,3.0,3.0,3.0,3.0,3.0,3.0,4.0,2.0,3.0,4.0,3.0,3.0,3.0,2.0,3.0,4.0,3.0,3.0,3.0,3.0,2.0,3.0,4.0,3.1,3.0,3.2,3.0,3.0
2,1,2.0,19.0,7.0,3.0,3.0,3.0,3.0,3.0,4.0,2.0,2.0,3.0,2.0,2.0,3.0,3.0,2.0,2.0,3.0,3.0,3.0,3.0,3.0,3.0,1.0,2.0,3.0,3.0,3.0,2.0,3.0,3.0,3.0,2.0,2.0,3.0,3.0,3.0,3.0,3.0,3.0,2.0,3.0,2.75,2.25,2.8,2.6,2.8
2,1,2.0,21.0,2.0,4.0,3.0,3.0,3.0,3.0,3.0,3.0,3.0,3.0,3.0,3.0,3.0,3.0,4.0,3.0,3.0,3.0,3.0,3.0,3.0,3.0,3.0,2.0,3.0,3.0,3.0,3.0,3.0,3.0,3.0,2.0,3.0,2.0,3.0,3.0,3.0,3.0,3.0,3.0,3.0,3.05,2.75,3.0,2.6,3.0
2,1,2.0,19.0,7.0,3.0,3.0,3.0,3.0,3.0,3.0,1.0,2.0,3.0,1.0,2.0,3.0,1.0,2.0,2.0,3.0,2.0,1.0,2.0,4.0,3.0,3.0,4.0,2.0,1.0,3.0,3.0,2.0,3.0,2.0,1.0,4.0,4.0,2.0,2.0,2.0,3.0,3.0,2.0,4.0,2.35,2.5,2.6,2.6,2.8
2,1,2.0,19.0,7.0,3.0,3.0,3.0,3.0,3.0,3.0,2.0,2.0,3.0,2.0,2.0,3.0,3.0,3.0,3.0,3.0,3.0,3.0,3.0,3.0,3.0,2.0,2.0,4.0,2.0,3.0,3.0,3.0,3.0,3.0,2.0,3.0,4.0,2.0,3.0,3.0,3.0,3.0,3.0,3.0,2.8,2.5,3.0,2.8,3.0
2,1,2.0,19.0,7.0,3.0,2.0,2.0,2.0,2.0,1.0,3.0,2.0,1.0,2.0,2.0,2.0,2.0,2.0,4.0,2.0,1.0,1.0,2.0,1.0,1.0,3.0,2.0,3.0,1.0,3.0,2.0,2.0,2.0,2.0,1.0,4.0,4.0,2.0,2.0,2.0,2.0,2.0,2.0,2.0,1.85,2.25,2.2,2.6,2.0
2,1,2.0,19.0,7.0,4.0,4.0,4.0,4.0,4.0,4.0,4.0,4.0,4.0,4.0,4.0,4.0,4.0,4.0,4.0,4.0,4.0,4.0,4.0,4.0,4.0,1.0,1.0,2.0,3.0,3.0,3.0,3.0,3.0,3.0,2.0,2.0,2.0,2.0,3.0,3.0,3.0,3.0,3.0,3.0,4.0,1.75,3.0,2.2,3.0
2,1,2.0,19.0,7.0,3.0,3.0,2.0,3.0,3.0,2.0,3.0,3.0,3.0,2.0,2.0,3.0,3.0,3.0,3.0,3.0,3.0,3.0,3.0,3.0,3.0,2.0,2.0,3.0,2.0,3.0,3.0,3.0,3.0,2.0,1.0,3.0,4.0,3.0,2.0,2.0,2.0,3.0,2.0,3.0,2.8,2.25,2.8,2.6,2.4
2,1,2.0,19.0,7.0,3.0,3.0,2.0,1.0,2.0,3.0,2.0,3.0,2.0,2.0,2.0,2.0,2.0,2.0,3.0,3.0,3.0,2.0,2.0,3.0,3.0,1.0,1.0,4.0,2.0,2.0,3.0,3.0,3.0,3.0,3.0,3.0,4.0,2.0,2.0,2.0,2.0,2.0,2.0,3.0,2.35,2.0,2.8,2.8,2.2
2,1,2.0,19.0,7.0,3.0,4.0,3.0,3.0,2.0,3.0,3.0,2.0,3.0,3.0,2.0,3.0,3.0,3.0,3.0,3.0,2.0,2.0,3.0,3.0,3.0,2.0,2.0,2.0,3.0,3.0,3.0,3.0,3.0,3.0,1.0,4.0,3.0,3.0,2.0,3.0,3.0,3.0,3.0,3.0,2.8,2.25,3.0,2.6,3.0
2,1,2.0,19.0,7.0,12.0,4.0,4.0,3.0,4.0,3.0,3.0,3.0,3.0,1.0,3.0,3.0,2.0,2.0,4.0,3.0,3.0,3.0,3.0,4.0,3.0,2.0,2.0,3.0,1.0,4.0,4.0,4.0,4.0,3.0,2.0,4.0,4.0,3.0,3.0,4.0,4.0,2.0,3.0,4.0,3.05,2.0,3.8,3.2,3.4
2,1,2.0,19.0,7.0,11.0,3.0,3.0,2.0,2.0,3.0,3.0,3.0,3.0,2.0,3.0,3.0,3.0,3.0,3.0,3.0,2.0,3.0,3.0,2.0,2.0,2.0,1.0,3.0,2.0,3.0,2.0,3.0,2.0,3.0,1.0,3.0,4.0,2.0,3.0,2.0,3.0,2.0,2.0,3.0,2.7,2.0,2.6,2.6,2.4
1,1,2.0,13.0,5.0,5.0,4.0,3.0,4.0,4.0,4.0,4.0,3.0,4.0,3.0,4.0,4.0,4.0,3.0,3.0,4.0,4.0,4.0,4.0,3.0,4.0,2.0,1.0,2.0,3.0,3.0,2.0,2.0,2.0,3.0,1.0,3.0,4.0,2.0,4.0,2.0,1.0,3.0,1.0,4.0,3.7,2.0,2.4,2.8,2.2
2,1,2.0,19.0,2.0,7.0,3.0,2.0,3.0,3.0,3.0,3.0,3.0,3.0,3.0,2.0,3.0,2.0,3.0,3.0,2.0,2.0,3.0,3.0,3.0,3.0,3.0,3.0,2.0,2.0,3.0,2.0,3.0,3.0,3.0,1.0,4.0,3.0,2.0,2.0,3.0,3.0,3.0,3.0,3.0,2.75,2.5,2.8,2.4,3.0
2,2,2.0,18.0,6.0,3.0,2.0,2.0,4.0,1.0,3.0,1.0,1.0,2.0,2.0,2.0,2.0,2.0,2.0,1.0,2.0,1.0,1.0,1.0,1.0,1.0,1.0,4.0,4.0,4.0,1.0,1.0,1.0,1.0,1.0,1.0,1.0,1.0,1.0,1.0,1.0,1.0,1.0,1.0,1.0,1.7,3.25,1.0,1.0,1.0
2,1,2.0,21.0,7.0,4.0,4.0,2.0,3.0,2.0,3.0,4.0,4.0,3.0,2.0,3.0,3.0,2.0,3.0,3.0,3.0,3.0,3.0,3.0,3.0,3.0,1.0,1.0,4.0,3.0,3.0,2.0,2.0,3.0,3.0,2.0,3.0,4.0,2.0,2.0,2.0,3.0,2.0,2.0,3.0,2.95,2.25,2.6,2.6,2.4
2,1,2.0,19.0,7.0,11.0,3.0,2.0,2.0,2.0,3.0,3.0,3.0,3.0,3.0,3.0,3.0,3.0,3.0,3.0,3.0,3.0,3.0,3.0,3.0,3.0,3.0,2.0,3.0,2.0,3.0,2.0,2.0,2.0,3.0,2.0,3.0,3.0,2.0,3.0,3.0,3.0,2.0,2.0,3.0,2.85,2.5,2.4,2.6,2.6
2,1,2.0,19.0,7.0,3.0,3.0,3.0,2.0,3.0,3.0,3.0,3.0,2.0,2.0,2.0,2.0,3.0,3.0,3.0,3.0,3.0,2.0,2.0,3.0,3.0,3.0,2.0,3.0,2.0,3.0,2.0,3.0,3.0,3.0,2.0,3.0,3.0,2.0,3.0,3.0,3.0,3.0,2.0,4.0,2.65,2.5,2.8,2.6,3.0
1,1,2.0,19.0,7.0,3.0,4.0,3.0,3.0,2.0,3.0,2.0,3.0,3.0,3.0,3.0,3.0,4.0,3.0,4.0,3.0,3.0,2.0,3.0,3.0,3.0,2.0,2.0,2.0,3.0,3.0,3.0,3.0,3.0,3.0,1.0,3.0,4.0,3.0,3.0,3.0,3.0,3.0,3.0,4.0,3.0,2.25,3.0,2.8,3.2
2,1,2.0,19.0,7.0,11.0,3.0,2.0,3.0,3.0,3.0,4.0,2.0,2.0,1.0,2.0,2.0,1.0,2.0,3.0,3.0,2.0,3.0,3.0,3.0,3.0,2.0,2.0,1.0,3.0,3.0,4.0,3.0,3.0,2.0,1.0,2.0,4.0,2.0,2.0,3.0,4.0,4.0,4.0,4.0,2.5,2.0,3.0,2.2,3.8
2,1,2.0,19.0,7.0,11.0,4.0,4.0,4.0,4.0,3.0,3.0,3.0,3.0,2.0,2.0,3.0,2.0,2.0,4.0,3.0,4.0,3.0,3.0,3.0,3.0,2.0,2.0,3.0,3.0,4.0,4.0,3.0,3.0,4.0,1.0,3.0,4.0,3.0,4.0,3.0,2.0,3.0,2.0,4.0,3.1,2.5,3.6,3.0,2.8
2,1,2.0,19.0,7.0,3.0,3.0,3.0,3.0,3.0,3.0,3.0,3.0,3.0,3.0,2.0,3.0,3.0,3.0,3.0,3.0,3.0,3.0,3.0,3.0,3.0,3.0,3.0,3.0,3.0,3.0,2.0,3.0,2.0,2.0,2.0,2.0,3.0,2.0,2.0,2.0,2.0,2.0,2.0,2.0,2.95,3.0,2.4,2.2,2.0
2,1,2.0,17.0,7.0,3.0,4.0,4.0,4.0,4.0,4.0,4.0,4.0,4.0,4.0,4.0,4.0,4.0,4.0,4.0,4.0,4.0,4.0,4.0,4.0,4.0,1.0,1.0,4.0,2.0,4.0,4.0,4.0,4.0,4.0,1.0,4.0,4.0,4.0,4.0,4.0,4.0,4.0,4.0,4.0,4.0,2.0,4.0,3.4,4.0
1,1,3.0,19.0,7.0,11.0,3.0,3.0,3.0,3.0,3.0,2.0,3.0,2.0,3.0,1.0,2.0,2.0,3.0,3.0,3.0,3.0,2.0,3.0,4.0,3.0,3.0,2.0,1.0,1.0,3.0,2.0,3.0,3.0,3.0,1.0,3.0,3.0,3.0,3.0,4.0,3.0,3.0,2.0,4.0,2.7,1.75,2.8,2.6,3.2
2,1,2.0,19.0,7.0,2.0,3.0,3.0,3.0,3.0,3.0,3.0,4.0,3.0,3.0,3.0,4.0,4.0,4.0,3.0,3.0,3.0,3.0,2.0,3.0,4.0,2.0,2.0,3.0,2.0,3.0,3.0,3.0,3.0,3.0,1.0,3.0,3.0,2.0,2.0,2.0,3.0,3.0,2.0,3.0,3.2,2.25,3.0,2.2,2.6
2,1,2.0,19.0,7.0,11.0,3.0,3.0,3.0,3.0,3.0,3.0,3.0,3.0,3.0,3.0,3.0,3.0,3.0,3.0,3.0,3.0,3.0,3.0,3.0,3.0,3.0,2.0,3.0,2.0,2.0,3.0,3.0,3.0,3.0,2.0,3.0,3.0,2.0,2.0,3.0,3.0,2.0,2.0,3.0,3.0,2.5,2.8,2.4,2.6
2,1,2.0,19.0,7.0,3.0,4.0,3.0,3.0,3.0,3.0,3.0,3.0,3.0,3.0,3.0,3.0,2.0,3.0,3.0,4.0,3.0,3.0,3.0,3.0,3.0,2.0,2.0,3.0,1.0,3.0,3.0,3.0,3.0,3.0,2.0,3.0,4.0,3.0,3.0,3.0,3.0,3.0,2.0,4.0,3.05,2.0,3.0,3.0,3.0
2,1,2.0,19.0,7.0,3.0,4.0,2.0,1.0,2.0,3.0,4.0,3.0,2.0,3.0,2.0,1.0,4.0,3.0,2.0,2.0,3.0,3.0,3.0,3.0,4.0,1.0,2.0,3.0,1.0,3.0,1.0,4.0,2.0,3.0,1.0,4.0,4.0,1.0,2.0,2.0,3.0,3.0,1.0,4.0,2.7,1.75,2.6,2.4,2.6
2,1,2.0,19.0,7.0,3.0,3.0,2.0,3.0,2.0,3.0,4.0,2.0,3.0,3.0,3.0,4.0,3.0,2.0,4.0,4.0,4.0,2.0,3.0,4.0,3.0,2.0,1.0,2.0,3.0,3.0,4.0,4.0,3.0,3.0,1.0,3.0,3.0,2.0,3.0,3.0,3.0,3.0,2.0,4.0,3.05,2.0,3.4,2.4,3.0
2,1,2.0,21.0,7.0,3.0,3.0,3.0,4.0,4.0,3.0,4.0,3.0,4.0,4.0,3.0,4.0,3.0,3.0,4.0,4.0,4.0,4.0,4.0,4.0,4.0,3.0,2.0,3.0,1.0,3.0,3.0,3.0,3.0,3.0,2.0,3.0,3.0,3.0,3.0,3.0,3.0,3.0,3.0,3.0,3.65,2.25,3.0,2.8,3.0
2,1,2.0,19.0,7.0,2.0,3.0,3.0,3.0,3.0,3.0,2.0,2.0,3.0,2.0,1.0,4.0,2.0,3.0,4.0,3.0,2.0,3.0,3.0,2.0,3.0,2.0,1.0,4.0,2.0,3.0,3.0,3.0,3.0,2.0,1.0,3.0,3.0,2.0,2.0,2.0,2.0,2.0,2.0,3.0,2.7,2.25,2.8,2.2,2.2
2,1,2.0,19.0,7.0,3.0,3.0,3.0,2.0,2.0,4.0,2.0,4.0,2.0,3.0,4.0,3.0,2.0,2.0,3.0,3.0,4.0,3.0,3.0,4.0,3.0,2.0,2.0,4.0,1.0,4.0,3.0,2.0,3.0,3.0,1.0,4.0,4.0,3.0,3.0,3.0,3.0,3.0,2.0,4.0,2.95,2.25,3.0,3.0,3.0
1,1,2.0,19.0,7.0,7.0,3.0,3.0,3.0,1.0,2.0,1.0,3.0,2.0,1.0,1.0,2.0,3.0,3.0,2.0,2.0,2.0,2.0,3.0,2.0,3.0,2.0,2.0,4.0,1.0,3.0,1.0,2.0,2.0,3.0,1.0,4.0,2.0,3.0,3.0,3.0,2.0,3.0,1.0,3.0,2.2,2.25,2.2,2.6,2.4
2,1,1.0,4.0,6.0,12.0,3.0,3.0,3.0,2.0,3.0,3.0,3.0,2.0,3.0,2.0,3.0,3.0,3.0,3.0,3.0,3.0,2.0,2.0,3.0,3.0,2.0,3.0,3.0,1.0,3.0,2.0,2.0,2.0,2.0,3.0,2.0,3.0,2.0,2.0,2.0,2.0,2.0,2.0,2.0,2.75,2.25,2.2,2.4,2.0
2,1,2.0,18.0,7.0,11.0,4.0,3.0,3.0,4.0,3.0,4.0,4.0,4.0,3.0,3.0,3.0,4.0,4.0,3.0,4.0,4.0,4.0,4.0,3.0,4.0,2.0,2.0,2.0,2.0,3.0,3.0,4.0,3.0,4.0,2.0,2.0,2.0,2.0,2.0,3.0,3.0,4.0,3.0,3.0,3.6,2.0,3.4,2.0,3.2
2,1,2.0,35.0,7.0,12.0,3.0,3.0,4.0,3.0,2.0,3.0,4.0,4.0,3.0,3.0,3.0,4.0,4.0,4.0,3.0,3.0,4.0,3.0,4.0,4.0,4.0,3.0,4.0,3.0,3.0,2.0,2.0,3.0,4.0,4.0,3.0,4.0,2.0,2.0,3.0,3.0,3.0,1.0,3.0,3.4,3.5,2.8,3.0,2.6
2,1,2.0,4.0,2.0,3.0,3.0,3.0,3.0,3.0,3.0,3.0,3.0,3.0,3.0,2.0,3.0,2.0,2.0,3.0,3.0,3.0,3.0,3.0,3.0,3.0,2.0,3.0,2.0,1.0,2.0,2.0,3.0,3.0,2.0,1.0,2.0,1.0,1.0,2.0,2.0,3.0,3.0,2.0,2.0,2.85,2.0,2.4,1.4,2.4
2,1,2.0,4.0,3.0,12.0,3.0,3.0,2.0,3.0,2.0,2.0,2.0,3.0,2.0,2.0,2.0,3.0,2.0,1.0,1.0,1.0,2.0,1.0,1.0,2.0,2.0,2.0,2.0,2.0,2.0,1.0,3.0,2.0,1.0,2.0,2.0,1.0,1.0,2.0,3.0,1.0,2.0,2.0,1.0,2.0,2.0,1.8,1.6,1.8
2,1,2.0,4.0,3.0,12.0,1.0,1.0,1.0,4.0,2.0,4.0,1.0,1.0,2.0,1.0,1.0,1.0,1.0,2.0,1.0,2.0,1.0,1.0,1.0,1.0,1.0,1.0,1.0,1.0,2.0,2.0,2.0,2.0,2.0,3.0,3.0,3.0,3.0,3.0,2.0,2.0,2.0,2.0,2.0,1.5,1.0,2.0,3.0,2.0
2,1,2.0,4.0,7.0,2.0,3.0,3.0,3.0,3.0,3.0,3.0,3.0,3.0,3.0,3.0,3.0,3.0,3.0,3.0,3.0,3.0,3.0,3.0,3.0,3.0,2.0,2.0,2.0,2.0,3.0,3.0,3.0,3.0,3.0,1.0,1.0,1.0,1.0,2.0,2.0,3.0,2.0,2.0,3.0,3.0,2.0,3.0,1.2,2.4
1,1,2.0,4.0,2.0,2.0,3.0,3.0,3.0,3.0,3.0,3.0,3.0,3.0,3.0,2.0,3.0,3.0,3.0,3.0,3.0,4.0,3.0,3.0,3.0,3.0,3.0,3.0,3.0,3.0,3.0,3.0,2.0,3.0,3.0,3.0,3.0,3.0,2.0,3.0,3.0,3.0,2.0,3.0,3.0,3.0,3.0,2.8,2.8,2.8
2,1,2.0,4.0,7.0,2.0,2.0,2.0,2.0,2.0,3.0,2.0,2.0,2.0,2.0,2.0,2.0,3.0,3.0,3.0,2.0,2.0,2.0,2.0,2.0,2.0,2.0,2.0,2.0,2.0,3.0,3.0,3.0,3.0,3.0,2.0,2.0,2.0,2.0,2.0,2.0,2.0,2.0,2.0,3.0,2.2,2.0,3.0,2.0,2.2
2,1,2.0,4.0,2.0,3.0,4.0,4.0,4.0,4.0,3.0,4.0,4.0,4.0,2.0,2.0,3.0,3.0,2.0,4.0,3.0,3.0,4.0,4.0,4.0,4.0,2.0,2.0,2.0,3.0,3.0,3.0,3.0,3.0,2.0,3.0,2.0,4.0,2.0,4.0,3.0,3.0,3.0,2.0,4.0,3.45,2.25,2.8,3.0,3.0
2,1,2.0,4.0,6.0,3.0,3.0,3.0,3.0,3.0,3.0,3.0,3.0,3.0,3.0,3.0,3.0,3.0,3.0,3.0,3.0,3.0,3.0,3.0,3.0,3.0,3.0,3.0,3.0,3.0,3.0,3.0,3.0,3.0,3.0,2.0,3.0,3.0,3.0,3.0,2.0,2.0,3.0,3.0,3.0,3.0,3.0,3.0,2.8,2.6
2,1,2.0,4.0,7.0,2.0,3.0,4.0,4.0,3.0,3.0,4.0,4.0,4.0,3.0,3.0,4.0,4.0,4.0,4.0,4.0,3.0,3.0,3.0,3.0,4.0,4.0,4.0,4.0,4.0,3.0,1.0,3.0,3.0,2.0,3.0,4.0,4.0,2.0,2.0,4.0,3.0,3.0,1.0,4.0,3.55,4.0,2.4,3.0,3.0
2,1,2.0,4.0,2.0,3.0,3.0,2.0,4.0,4.0,4.0,3.0,4.0,2.0,2.0,4.0,4.0,3.0,3.0,2.0,4.0,4.0,4.0,4.0,3.0,3.0,2.0,1.0,1.0,1.0,2.0,1.0,3.0,3.0,3.0,1.0,3.0,4.0,2.0,2.0,2.0,2.0,2.0,1.0,3.0,3.3,1.25,2.4,2.4,2.0
2,1,3.0,4.0,5.0,12.0,1.0,1.0,1.0,1.0,1.0,1.0,1.0,1.0,1.0,1.0,1.0,1.0,1.0,1.0,1.0,1.0,1.0,1.0,1.0,1.0,4.0,2.0,3.0,3.0,1.0,4.0,2.0,3.0,4.0,1.0,3.0,4.0,3.0,1.0,4.0,3.0,3.0,1.0,2.0,1.0,3.0,2.8,2.4,2.6
1,1,2.0,8.0,2.0,3.0,1.0,1.0,1.0,1.0,1.0,1.0,1.0,1.0,1.0,4.0,4.0,4.0,1.0,4.0,4.0,4.0,4.0,4.0,4.0,4.0,3.0,3.0,3.0,4.0,3.0,4.0,1.0,2.0,4.0,2.0,1.0,4.0,2.0,4.0,1.0,1.0,3.0,4.0,4.0,2.5,3.25,2.8,2.6,2.6
2,1,2.0,4.0,6.0,3.0,2.0,3.0,2.0,1.0,1.0,2.0,2.0,2.0,1.0,1.0,1.0,1.0,1.0,2.0,2.0,2.0,1.0,2.0,3.0,2.0,1.0,2.0,1.0,1.0,2.0,1.0,1.0,2.0,1.0,1.0,2.0,1.0,2.0,1.0,1.0,1.0,1.0,2.0,1.0,1.7,1.25,1.4,1.4,1.2
1,1,2.0,4.0,7.0,12.0,3.0,3.0,3.0,3.0,3.0,3.0,3.0,3.0,3.0,3.0,3.0,3.0,3.0,3.0,3.0,3.0,3.0,3.0,3.0,3.0,2.0,2.0,2.0,2.0,3.0,3.0,3.0,3.0,3.0,3.0,3.0,3.0,3.0,3.0,2.0,2.0,2.0,2.0,2.0,3.0,2.0,3.0,3.0,2.0
2,1,2.0,4.0,2.0,3.0,3.0,3.0,3.0,3.0,3.0,3.0,3.0,3.0,3.0,3.0,3.0,3.0,3.0,3.0,3.0,3.0,3.0,3.0,3.0,3.0,2.0,2.0,3.0,3.0,2.0,3.0,2.0,3.0,2.0,2.0,3.0,3.0,3.0,2.0,2.0,2.0,2.0,2.0,2.0,3.0,2.5,2.4,2.6,2.0
2,1,2.0,19.0,7.0,3.0,3.0,3.0,2.0,3.0,3.0,3.0,3.0,3.0,2.0,3.0,3.0,3.0,3.0,3.0,3.0,3.0,3.0,3.0,3.0,3.0,2.0,2.0,3.0,2.0,3.0,3.0,3.0,3.0,3.0,3.0,3.0,3.0,2.0,3.0,3.0,3.0,2.0,3.0,3.0,2.9,2.25,3.0,2.8,2.8
2,1,2.0,4.0,2.0,2.0,4.0,3.0,3.0,3.0,4.0,3.0,3.0,4.0,3.0,2.0,3.0,3.0,3.0,4.0,3.0,3.0,4.0,4.0,4.0,4.0,2.0,2.0,2.0,4.0,4.0,3.0,4.0,4.0,4.0,1.0,2.0,2.0,3.0,3.0,4.0,3.0,3.0,3.0,3.0,3.35,2.5,3.8,2.2,3.2
1,1,2.0,4.0,2.0,3.0,4.0,4.0,3.0,3.0,3.0,4.0,4.0,3.0,3.0,3.0,2.0,3.0,4.0,4.0,2.0,4.0,4.0,3.0,4.0,4.0,1.0,1.0,4.0,3.0,4.0,4.0,3.0,4.0,4.0,3.0,3.0,4.0,4.0,4.0,4.0,4.0,1.0,1.0,3.0,3.4,2.25,3.8,3.6,2.6
1,1,2.0,4.0,2.0,3.0,4.0,4.0,3.0,2.0,4.0,4.0,2.0,4.0,4.0,2.0,3.0,3.0,3.0,4.0,4.0,4.0,4.0,4.0,4.0,4.0,2.0,1.0,4.0,2.0,4.0,3.0,3.0,3.0,3.0,2.0,3.0,4.0,1.0,2.0,3.0,4.0,4.0,4.0,3.0,3.5,2.25,3.2,2.4,3.6
2,1,2.0,4.0,2.0,3.0,3.0,3.0,3.0,3.0,3.0,3.0,3.0,3.0,3.0,3.0,3.0,3.0,2.0,3.0,3.0,3.0,3.0,3.0,3.0,3.0,3.0,2.0,3.0,2.0,3.0,3.0,3.0,3.0,3.0,1.0,2.0,4.0,2.0,3.0,2.0,1.0,1.0,1.0,2.0,2.95,2.5,3.0,2.4,1.4
1,1,2.0,4.0,2.0,3.0,4.0,3.0,4.0,2.0,2.0,3.0,3.0,3.0,3.0,3.0,4.0,3.0,3.0,2.0,4.0,3.0,2.0,3.0,3.0,3.0,2.0,1.0,2.0,1.0,3.0,3.0,2.0,3.0,4.0,1.0,2.0,4.0,2.0,3.0,1.0,3.0,3.0,2.0,2.0,3.0,1.5,3.0,2.4,2.2
1,1,2.0,1.0,7.0,11.0,2.0,2.0,2.0,2.0,2.0,2.0,2.0,2.0,2.0,2.0,2.0,2.0,2.0,2.0,2.0,2.0,2.0,2.0,2.0,2.0,2.0,2.0,2.0,2.0,2.0,2.0,2.0,2.0,2.0,1.0,2.0,3.0,2.0,2.0,2.0,2.0,2.0,2.0,2.0,2.0,2.0,2.0,2.0,2.0
2,1,2.0,4.0,2.0,11.0,4.0,3.0,3.0,3.0,3.0,3.0,3.0,3.0,3.0,2.0,2.0,2.0,2.0,2.0,2.0,2.0,2.0,3.0,3.0,2.0,2.0,2.0,2.0,2.0,3.0,1.0,1.0,3.0,1.0,3.0,2.0,2.0,2.0,2.0,2.0,3.0,2.0,3.0,2.0,2.6,2.0,1.8,2.2,2.4
2,1,2.0,19.0,7.0,11.0,4.0,3.0,3.0,4.0,3.0,4.0,4.0,4.0,3.0,3.0,4.0,3.0,4.0,3.0,4.0,3.0,4.0,4.0,4.0,4.0,2.0,2.0,2.0,2.0,3.0,3.0,4.0,3.0,4.0,2.0,3.0,3.0,2.0,2.0,3.0,4.0,4.0,3.0,4.0,3.6,2.0,3.4,2.4,3.6
2,1,2.0,13.0,5.0,2.0,3.0,3.0,3.0,3.0,3.0,3.0,3.0,3.0,3.0,2.0,3.0,2.0,2.0,4.0,3.0,2.0,2.0,2.0,3.0,3.0,2.0,2.0,4.0,1.0,3.0,2.0,2.0,3.0,3.0,2.0,3.0,4.0,2.0,2.0,2.0,2.0,3.0,2.0,3.0,2.75,2.25,2.6,2.6,2.4
1,1,2.0,13.0,5.0,3.0,3.0,3.0,3.0,3.0,3.0,3.0,3.0,3.0,3.0,3.0,3.0,3.0,3.0,3.0,3.0,3.0,3.0,3.0,3.0,3.0,2.0,2.0,3.0,2.0,2.0,1.0,2.0,2.0,1.0,1.0,2.0,4.0,3.0,2.0,2.0,2.0,2.0,2.0,3.0,3.0,2.25,1.6,2.4,2.2
2,1,1.0,4.0,6.0,11.0,4.0,4.0,4.0,4.0,4.0,4.0,4.0,4.0,4.0,4.0,4.0,4.0,4.0,4.0,4.0,4.0,4.0,4.0,4.0,4.0,1.0,1.0,1.0,1.0,4.0,3.0,3.0,3.0,3.0,1.0,4.0,4.0,3.0,3.0,3.0,3.0,3.0,3.0,3.0,4.0,1.0,3.2,3.0,3.0
2,1,2.0,4.0,2.0,3.0,4.0,2.0,3.0,4.0,3.0,4.0,4.0,4.0,3.0,2.0,4.0,4.0,4.0,4.0,4.0,4.0,4.0,3.0,3.0,4.0,2.0,2.0,3.0,1.0,4.0,4.0,3.0,3.0,3.0,1.0,3.0,3.0,2.0,2.0,3.0,3.0,3.0,2.0,3.0,3.55,2.0,3.4,2.2,2.8
1,1,2.0,4.0,3.0,2.0,4.0,4.0,4.0,4.0,4.0,4.0,4.0,4.0,4.0,4.0,4.0,4.0,4.0,4.0,4.0,4.0,4.0,4.0,4.0,4.0,4.0,4.0,4.0,4.0,4.0,4.0,4.0,4.0,4.0,4.0,4.0,4.0,4.0,4.0,4.0,4.0,4.0,4.0,4.0,4.0,4.0,4.0,4.0,4.0
2,1,2.0,4.0,6.0,3.0,3.0,3.0,3.0,3.0,3.0,3.0,3.0,3.0,2.0,3.0,3.0,2.0,3.0,3.0,3.0,3.0,3.0,3.0,3.0,3.0,3.0,3.0,3.0,2.0,3.0,3.0,3.0,3.0,3.0,3.0,3.0,3.0,2.0,3.0,3.0,3.0,3.0,2.0,3.0,2.9,2.75,3.0,2.8,2.8
2,1,2.0,19.0,7.0,3.0,3.0,4.0,3.0,3.0,3.0,3.0,2.0,4.0,4.0,2.0,3.0,2.0,2.0,3.0,3.0,3.0,3.0,3.0,3.0,3.0,2.0,2.0,3.0,3.0,3.0,2.0,2.0,3.0,2.0,1.0,3.0,4.0,3.0,2.0,3.0,3.0,3.0,2.0,3.0,2.95,2.5,2.4,2.6,2.8
1,1,2.0,19.0,7.0,2.0,3.0,3.0,3.0,3.0,3.0,3.0,3.0,3.0,3.0,3.0,3.0,3.0,3.0,3.0,3.0,3.0,3.0,3.0,3.0,3.0,2.0,2.0,3.0,3.0,3.0,3.0,3.0,3.0,3.0,2.0,3.0,3.0,3.0,3.0,3.0,3.0,3.0,3.0,3.0,3.0,2.5,3.0,2.8,3.0
2,1,2.0,2.0,6.0,3.0,3.0,3.0,3.0,3.0,4.0,4.0,4.0,3.0,3.0,3.0,3.0,3.0,4.0,4.0,4.0,3.0,3.0,3.0,4.0,3.0,3.0,3.0,3.0,3.0,3.0,3.0,3.0,4.0,3.0,2.0,3.0,2.0,3.0,3.0,3.0,3.0,3.0,3.0,3.0,3.35,3.0,3.2,2.6,3.0
1,1,2.0,34.0,7.0,12.0,4.0,4.0,4.0,4.0,4.0,4.0,4.0,4.0,4.0,4.0,4.0,4.0,4.0,4.0,4.0,4.0,4.0,4.0,4.0,4.0,4.0,4.0,4.0,4.0,4.0,4.0,4.0,4.0,4.0,4.0,4.0,4.0,4.0,4.0,4.0,4.0,4.0,4.0,4.0,4.0,4.0,4.0,4.0,4.0
2,1,2.0,4.0,2.0,3.0,3.0,3.0,3.0,3.0,4.0,4.0,4.0,4.0,4.0,4.0,4.0,4.0,4.0,4.0,4.0,4.0,4.0,4.0,4.0,4.0,2.0,2.0,1.0,2.0,4.0,2.0,4.0,4.0,3.0,1.0,3.0,2.0,3.0,3.0,3.0,3.0,3.0,3.0,3.0,3.8,1.75,3.4,2.4,3.0
2,1,2.0,19.0,7.0,3.0,3.0,3.0,3.0,3.0,3.0,3.0,2.0,2.0,2.0,2.0,2.0,2.0,2.0,3.0,3.0,3.0,3.0,3.0,3.0,3.0,2.0,2.0,2.0,1.0,2.0,2.0,1.0,2.0,2.0,1.0,3.0,3.0,1.0,1.0,2.0,2.0,2.0,2.0,2.0,2.65,1.75,1.8,1.8,2.0
2,1,2.0,19.0,7.0,11.0,4.0,4.0,4.0,4.0,4.0,3.0,1.0,3.0,2.0,1.0,3.0,3.0,3.0,3.0,3.0,3.0,3.0,3.0,3.0,4.0,2.0,1.0,1.0,3.0,4.0,3.0,4.0,4.0,4.0,1.0,3.0,3.0,2.0,3.0,3.0,3.0,3.0,3.0,3.0,3.05,1.75,3.8,2.4,3.0
2,1,2.0,34.0,7.0,9.0,4.0,4.0,4.0,4.0,4.0,4.0,4.0,4.0,4.0,4.0,4.0,4.0,4.0,4.0,4.0,4.0,4.0,4.0,4.0,4.0,1.0,1.0,1.0,1.0,4.0,4.0,4.0,4.0,4.0,4.0,4.0,4.0,4.0,4.0,4.0,4.0,4.0,4.0,4.0,4.0,1.0,4.0,4.0,4.0
2,1,2.0,19.0,7.0,11.0,3.0,3.0,3.0,3.0,3.0,3.0,3.0,3.0,3.0,3.0,3.0,3.0,3.0,3.0,3.0,3.0,3.0,3.0,3.0,3.0,2.0,2.0,3.0,3.0,3.0,3.0,3.0,3.0,3.0,3.0,3.0,3.0,3.0,2.0,2.0,3.0,3.0,3.0,3.0,3.0,2.5,3.0,2.8,2.8
2,1,2.0,19.0,7.0,3.0,3.0,2.0,3.0,3.0,3.0,3.0,2.0,3.0,3.0,3.0,3.0,2.0,3.0,3.0,3.0,3.0,1.0,3.0,3.0,3.0,2.0,2.0,4.0,1.0,2.0,3.0,3.0,2.0,2.0,1.0,3.0,4.0,2.0,3.0,2.0,3.0,2.0,2.0,3.0,2.75,2.25,2.4,2.6,2.4
2,1,2.0,13.0,2.0,2.0,2.0,2.0,3.0,1.0,2.0,1.0,1.0,2.0,3.0,1.0,1.0,1.0,1.0,4.0,3.0,2.0,3.0,2.0,3.0,2.0,4.0,2.0,4.0,2.0,2.0,2.0,4.0,4.0,1.0,1.0,2.0,4.0,2.0,1.0,3.0,3.0,1.0,3.0,3.0,2.0,3.0,2.6,2.0,2.6
1,1,2.0,24.0,6.0,2.0,3.0,3.0,3.0,3.0,3.0,3.0,3.0,3.0,3.0,3.0,3.0,3.0,3.0,3.0,3.0,3.0,3.0,3.0,3.0,3.0,2.0,2.0,2.0,2.0,4.0,4.0,4.0,4.0,4.0,2.0,3.0,3.0,3.0,4.0,2.0,3.0,3.0,3.0,3.0,3.0,2.0,4.0,3.0,2.8
2,1,2.0,19.0,7.0,3.0,3.0,3.0,3.0,3.0,3.0,3.0,2.0,4.0,2.0,2.0,4.0,2.0,2.0,4.0,3.0,3.0,4.0,3.0,4.0,3.0,2.0,2.0,3.0,2.0,3.0,2.0,3.0,3.0,3.0,1.0,3.0,4.0,2.0,2.0,2.0,2.0,2.0,1.0,3.0,3.0,2.25,2.8,2.4,2.0
2,1,2.0,19.0,7.0,3.0,4.0,3.0,3.0,4.0,3.0,3.0,3.0,3.0,3.0,3.0,3.0,3.0,3.0,4.0,3.0,3.0,4.0,3.0,3.0,3.0,2.0,2.0,2.0,3.0,3.0,3.0,3.0,4.0,3.0,1.0,2.0,3.0,3.0,3.0,3.0,3.0,3.0,3.0,3.0,3.2,2.25,3.2,2.4,3.0
2,1,2.0,19.0,7.0,3.0,3.0,2.0,3.0,2.0,3.0,3.0,3.0,3.0,3.0,3.0,3.0,3.0,4.0,3.0,3.0,2.0,2.0,3.0,3.0,3.0,2.0,2.0,3.0,2.0,3.0,2.0,2.0,3.0,2.0,1.0,4.0,2.0,2.0,1.0,2.0,2.0,1.0,2.0,3.0,2.85,2.25,2.4,2.0,2.0
2,1,2.0,19.0,7.0,4.0,3.0,3.0,3.0,2.0,3.0,3.0,3.0,2.0,2.0,2.0,2.0,2.0,2.0,3.0,2.0,2.0,2.0,3.0,3.0,2.0,3.0,2.0,3.0,2.0,3.0,2.0,3.0,3.0,3.0,1.0,4.0,4.0,2.0,2.0,3.0,2.0,2.0,2.0,3.0,2.45,2.5,2.8,2.6,2.4
2,1,2.0,19.0,7.0,3.0,4.0,4.0,4.0,4.0,4.0,4.0,4.0,3.0,3.0,2.0,3.0,3.0,4.0,4.0,4.0,4.0,4.0,4.0,4.0,4.0,3.0,3.0,3.0,1.0,2.0,2.0,3.0,2.0,2.0,2.0,3.0,4.0,2.0,2.0,2.0,2.0,2.0,1.0,2.0,3.7,2.5,2.2,2.6,1.8
1,1,2.0,34.0,7.0,12.0,1.0,1.0,1.0,1.0,1.0,1.0,1.0,1.0,1.0,1.0,1.0,1.0,1.0,1.0,1.0,1.0,1.0,1.0,1.0,1.0,1.0,1.0,1.0,1.0,1.0,1.0,1.0,1.0,1.0,1.0,1.0,1.0,1.0,1.0,1.0,1.0,1.0,1.0,1.0,1.0,1.0,1.0,1.0,1.0
2,1,2.0,34.0,1.0,5.0,1.0,1.0,2.0,4.0,3.0,1.0,4.0,3.0,4.0,4.0,2.0,2.0,4.0,2.0,2.0,3.0,3.0,2.0,4.0,2.0,1.0,3.0,4.0,2.0,1.0,2.0,4.0,3.0,3.0,1.0,2.0,4.0,2.0,1.0,2.0,3.0,1.0,1.0,2.0,2.65,2.5,2.6,2.0,1.8
1,1,2.0,34.0,2.0,3.0,4.0,4.0,4.0,3.0,4.0,2.0,2.0,2.0,3.0,3.0,4.0,3.0,3.0,3.0,1.0,3.0,1.0,3.0,1.0,4.0,2.0,1.0,1.0,3.0,4.0,4.0,4.0,4.0,4.0,3.0,3.0,3.0,3.0,1.0,3.0,4.0,4.0,4.0,4.0,2.85,1.75,4.0,2.6,3.8
1,1,2.0,19.0,8.0,3.0,4.0,3.0,3.0,3.0,3.0,3.0,3.0,3.0,4.0,3.0,4.0,3.0,3.0,4.0,3.0,4.0,3.0,3.0,3.0,3.0,2.0,2.0,2.0,1.0,3.0,2.0,2.0,2.0,3.0,1.0,3.0,3.0,3.0,3.0,3.0,3.0,3.0,2.0,3.0,3.25,1.75,2.4,2.6,2.8
2,1,2.0,34.0,7.0,12.0,4.0,4.0,4.0,4.0,4.0,4.0,4.0,4.0,4.0,4.0,4.0,4.0,4.0,4.0,4.0,4.0,4.0,4.0,4.0,4.0,4.0,4.0,4.0,4.0,4.0,4.0,4.0,4.0,4.0,4.0,4.0,4.0,4.0,4.0,4.0,4.0,4.0,4.0,4.0,4.0,4.0,4.0,4.0,4.0
2,1,2.0,16.0,1.0,3.0,3.0,3.0,3.0,3.0,3.0,3.0,3.0,3.0,3.0,3.0,3.0,3.0,3.0,3.0,3.0,3.0,3.0,3.0,3.0,3.0,2.0,2.0,3.0,3.0,3.0,3.0,3.0,2.0,3.0,3.0,3.0,3.0,3.0,2.0,3.0,3.0,3.0,3.0,3.0,3.0,2.5,2.8,2.8,3.0
2,1,2.0,16.0,1.0,3.0,3.0,3.0,3.0,3.0,3.0,3.0,3.0,3.0,3.0,3.0,3.0,3.0,3.0,3.0,3.0,3.0,3.0,3.0,3.0,3.0,2.0,2.0,4.0,2.0,3.0,2.0,2.0,3.0,2.0,1.0,3.0,4.0,3.0,2.0,2.0,3.0,3.0,2.0,3.0,3.0,2.5,2.4,2.6,2.6
2,1,2.0,16.0,1.0,3.0,3.0,3.0,3.0,3.0,3.0,3.0,3.0,3.0,3.0,3.0,3.0,3.0,3.0,3.0,3.0,3.0,3.0,3.0,3.0,3.0,2.0,2.0,4.0,2.0,3.0,2.0,2.0,3.0,2.0,1.0,3.0,4.0,3.0,2.0,2.0,3.0,3.0,2.0,3.0,3.0,2.5,2.4,2.6,2.6
2,1,2.0,16.0,1.0,3.0,3.0,3.0,3.0,3.0,3.0,3.0,3.0,3.0,3.0,3.0,3.0,3.0,3.0,3.0,3.0,3.0,3.0,3.0,3.0,3.0,2.0,2.0,3.0,1.0,3.0,2.0,3.0,3.0,3.0,1.0,3.0,3.0,2.0,2.0,1.0,3.0,3.0,2.0,3.0,3.0,2.0,2.8,2.2,2.4
2,1,2.0,19.0,8.0,3.0,4.0,3.0,3.0,3.0,3.0,3.0,3.0,3.0,3.0,3.0,3.0,3.0,3.0,3.0,3.0,3.0,3.0,3.0,3.0,3.0,1.0,3.0,2.0,1.0,3.0,1.0,2.0,3.0,3.0,1.0,4.0,4.0,2.0,3.0,3.0,2.0,3.0,2.0,3.0,3.05,1.75,2.4,2.8,2.6
2,1,2.0,19.0,8.0,10.0,4.0,4.0,4.0,4.0,4.0,4.0,4.0,4.0,4.0,4.0,4.0,2.0,2.0,4.0,4.0,4.0,4.0,4.0,3.0,4.0,1.0,1.0,2.0,1.0,2.0,3.0,3.0,3.0,3.0,2.0,4.0,2.0,2.0,4.0,3.0,3.0,2.0,4.0,3.0,3.75,1.25,2.8,2.8,3.0
2,1,2.0,19.0,8.0,3.0,4.0,4.0,3.0,2.0,3.0,4.0,2.0,2.0,1.0,2.0,2.0,1.0,3.0,4.0,3.0,2.0,2.0,2.0,4.0,4.0,3.0,2.0,4.0,2.0,2.0,2.0,3.0,3.0,3.0,1.0,3.0,4.0,2.0,2.0,4.0,3.0,3.0,2.0,4.0,2.7,2.75,2.6,2.4,3.2
2,1,2.0,19.0,7.0,3.0,3.0,3.0,4.0,3.0,3.0,3.0,3.0,3.0,3.0,2.0,3.0,2.0,2.0,3.0,3.0,3.0,3.0,3.0,4.0,4.0,2.0,1.0,3.0,2.0,2.0,2.0,3.0,3.0,2.0,4.0,3.0,3.0,3.0,2.0,3.0,3.0,2.0,2.0,4.0,3.0,2.0,2.4,3.0,2.8
2,1,2.0,4.0,2.0,12.0,3.0,4.0,4.0,4.0,4.0,4.0,4.0,3.0,3.0,3.0,3.0,4.0,3.0,4.0,3.0,4.0,3.0,3.0,3.0,3.0,2.0,2.0,3.0,2.0,3.0,2.0,2.0,3.0,3.0,1.0,2.0,3.0,2.0,2.0,3.0,3.0,3.0,3.0,3.0,3.45,2.25,2.6,2.0,3.0
2,1,2.0,4.0,7.0,11.0,4.0,3.0,3.0,3.0,3.0,3.0,3.0,3.0,3.0,3.0,3.0,3.0,3.0,3.0,3.0,3.0,3.0,3.0,3.0,3.0,2.0,2.0,3.0,2.0,3.0,2.0,2.0,2.0,3.0,1.0,3.0,4.0,3.0,3.0,2.0,3.0,2.0,2.0,3.0,3.05,2.25,2.4,2.8,2.4
2,1,2.0,19.0,8.0,2.0,3.0,2.0,2.0,2.0,2.0,2.0,3.0,2.0,2.0,1.0,1.0,2.0,1.0,2.0,2.0,2.0,2.0,2.0,3.0,2.0,3.0,3.0,3.0,2.0,3.0,1.0,2.0,2.0,2.0,3.0,3.0,3.0,2.0,2.0,2.0,2.0,2.0,1.0,3.0,2.0,2.75,2.0,2.6,2.0
2,1,2.0,19.0,8.0,3.0,3.0,3.0,3.0,3.0,3.0,3.0,3.0,3.0,3.0,2.0,3.0,3.0,3.0,3.0,3.0,3.0,3.0,3.0,3.0,3.0,2.0,2.0,2.0,1.0,3.0,2.0,3.0,3.0,3.0,1.0,4.0,4.0,2.0,2.0,2.0,2.0,2.0,2.0,3.0,2.95,1.75,2.8,2.6,2.2
1,1,2.0,19.0,7.0,3.0,3.0,3.0,4.0,2.0,2.0,4.0,2.0,2.0,4.0,3.0,2.0,2.0,1.0,2.0,2.0,1.0,2.0,2.0,4.0,3.0,3.0,4.0,3.0,4.0,1.0,2.0,3.0,3.0,3.0,1.0,3.0,3.0,3.0,1.0,4.0,3.0,3.0,2.0,3.0,2.5,3.5,2.4,2.2,3.0
2,1,2.0,7.0,6.0,3.0,3.0,3.0,3.0,3.0,3.0,3.0,3.0,3.0,3.0,3.0,3.0,3.0,3.0,3.0,3.0,3.0,3.0,3.0,3.0,3.0,2.0,2.0,2.0,2.0,3.0,2.0,3.0,3.0,2.0,1.0,2.0,3.0,3.0,3.0,3.0,3.0,3.0,2.0,3.0,3.0,2.0,2.6,2.4,2.8
2,1,1.0,4.0,6.0,2.0,4.0,3.0,2.0,2.0,3.0,4.0,3.0,3.0,4.0,2.0,3.0,2.0,4.0,4.0,2.0,2.0,3.0,3.0,4.0,3.0,1.0,1.0,4.0,1.0,3.0,2.0,3.0,3.0,4.0,1.0,3.0,4.0,3.0,2.0,3.0,3.0,3.0,3.0,3.0,3.0,1.75,3.0,2.6,3.0
1,1,2.0,19.0,8.0,2.0,3.0,3.0,3.0,3.0,3.0,3.0,3.0,3.0,3.0,3.0,3.0,3.0,3.0,3.0,3.0,3.0,2.0,2.0,3.0,3.0,3.0,3.0,2.0,2.0,3.0,2.0,3.0,3.0,3.0,3.0,3.0,3.0,3.0,3.0,3.0,3.0,3.0,3.0,4.0,2.9,2.5,2.8,3.0,3.2
2,1,2.0,34.0,7.0,12.0,1.0,3.0,2.0,1.0,2.0,1.0,1.0,2.0,2.0,3.0,1.0,2.0,2.0,3.0,1.0,4.0,4.0,4.0,2.0,2.0,1.0,2.0,3.0,1.0,1.0,3.0,3.0,4.0,3.0,4.0,2.0,1.0,3.0,1.0,3.0,2.0,4.0,1.0,2.0,2.15,1.75,2.8,2.2,2.4
1,1,2.0,19.0,8.0,3.0,4.0,3.0,3.0,2.0,3.0,4.0,3.0,3.0,3.0,2.0,3.0,2.0,2.0,3.0,3.0,3.0,3.0,3.0,3.0,3.0,2.0,2.0,2.0,3.0,3.0,3.0,3.0,3.0,3.0,2.0,3.0,3.0,2.0,3.0,2.0,3.0,2.0,2.0,3.0,2.9,2.25,3.0,2.6,2.4
2,1,2.0,4.0,6.0,3.0,3.0,3.0,4.0,2.0,2.0,4.0,3.0,4.0,4.0,3.0,2.0,2.0,1.0,4.0,3.0,2.0,2.0,3.0,4.0,3.0,2.0,1.0,2.0,2.0,3.0,1.0,2.0,2.0,1.0,3.0,3.0,4.0,3.0,2.0,1.0,2.0,1.0,1.0,1.0,2.9,1.75,1.8,3.0,1.2
2,1,2.0,8.0,6.0,3.0,3.0,3.0,3.0,3.0,3.0,2.0,3.0,2.0,2.0,1.0,2.0,2.0,2.0,2.0,3.0,2.0,1.0,3.0,3.0,3.0,2.0,2.0,2.0,1.0,3.0,2.0,2.0,3.0,2.0,1.0,4.0,4.0,3.0,2.0,2.0,3.0,2.0,2.0,2.0,2.4,1.75,2.4,2.8,2.2
1,2,1.0,17.0,6.0,5.0,4.0,4.0,3.0,3.0,4.0,3.0,4.0,4.0,4.0,4.0,4.0,3.0,3.0,4.0,3.0,4.0,3.0,4.0,4.0,4.0,4.0,3.0,3.0,3.0,3.0,3.0,4.0,3.0,3.0,2.0,4.0,3.0,4.0,3.0,3.0,1.0,4.0,1.0,3.0,3.65,3.25,3.2,3.2,2.4
1,1,1.0,18.0,4.0,3.0,3.0,4.0,3.0,3.0,4.0,4.0,3.0,4.0,3.0,4.0,3.0,4.0,3.0,3.0,1.0,3.0,3.0,4.0,4.0,3.0,3.0,4.0,3.0,4.0,3.0,4.0,4.0,3.0,4.0,4.0,3.0,3.0,3.0,3.0,3.0,3.0,3.0,3.0,3.0,3.3,3.5,3.6,3.2,3.0
2,1,1.0,20.0,5.0,5.0,4.0,3.0,3.0,3.0,3.0,4.0,3.0,4.0,3.0,4.0,4.0,4.0,4.0,3.0,3.0,4.0,4.0,4.0,4.0,3.0,3.0,4.0,4.0,4.0,3.0,3.0,3.0,4.0,4.0,3.0,3.0,4.0,3.0,4.0,3.0,3.0,3.0,3.0,3.0,3.55,3.75,3.4,3.4,3.0
1,1,1.0,17.0,5.0,3.0,4.0,3.0,4.0,4.0,3.0,4.0,4.0,4.0,4.0,3.0,3.0,4.0,3.0,4.0,4.0,3.0,3.0,4.0,3.0,3.0,4.0,3.0,4.0,2.0,2.0,1.0,3.0,4.0,3.0,3.0,4.0,4.0,4.0,3.0,4.0,4.0,3.0,3.0,3.0,3.55,3.25,2.6,3.6,3.4
1,2,1.0,17.0,7.0,4.0,3.0,3.0,3.0,3.0,3.0,4.0,4.0,4.0,4.0,4.0,3.0,3.0,3.0,3.0,4.0,3.0,3.0,3.0,3.0,3.0,4.0,4.0,4.0,3.0,3.0,3.0,4.0,3.0,4.0,4.0,3.0,3.0,4.0,3.0,4.0,3.0,3.0,3.0,3.0,3.3,3.75,3.4,3.4,3.2
1,2,1.0,18.0,4.0,2.0,4.0,4.0,3.0,3.0,3.0,3.0,3.0,4.0,3.0,4.0,4.0,4.0,4.0,4.0,3.0,4.0,3.0,3.0,3.0,4.0,3.0,4.0,3.0,3.0,4.0,4.0,4.0,4.0,3.0,3.0,4.0,3.0,3.0,4.0,4.0,4.0,4.0,4.0,4.0,3.5,3.25,3.8,3.4,4.0
1,1,1.0,19.0,3.0,1.0,4.0,3.0,3.0,4.0,3.0,4.0,4.0,3.0,4.0,3.0,3.0,3.0,3.0,3.0,1.0,2.0,4.0,3.0,2.0,2.0,3.0,2.0,2.0,2.0,4.0,4.0,3.0,3.0,4.0,4.0,3.0,4.0,3.0,3.0,3.0,4.0,3.0,3.0,3.0,3.05,2.25,3.6,3.4,3.2
2,1,1.0,19.0,5.0,4.0,3.0,4.0,3.0,3.0,3.0,3.0,3.0,3.0,3.0,3.0,3.0,4.0,4.0,3.0,3.0,4.0,3.0,3.0,4.0,4.0,3.0,4.0,4.0,3.0,3.0,3.0,3.0,3.0,3.0,3.0,3.0,3.0,4.0,3.0,3.0,4.0,4.0,3.0,3.0,3.3,3.5,3.0,3.2,3.4
2,1,1.0,20.0,7.0,4.0,4.0,3.0,3.0,3.0,4.0,3.0,4.0,3.0,4.0,3.0,3.0,3.0,4.0,4.0,4.0,4.0,3.0,3.0,3.0,3.0,3.0,3.0,1.0,3.0,3.0,4.0,4.0,3.0,4.0,4.0,2.0,4.0,4.0,4.0,3.0,4.0,3.0,3.0,4.0,3.4,2.5,3.6,3.6,3.4
1,2,1.0,19.0,2.0,3.0,4.0,3.0,4.0,4.0,3.0,4.0,4.0,4.0,4.0,3.0,4.0,4.0,3.0,3.0,4.0,4.0,4.0,3.0,3.0,4.0,4.0,3.0,3.0,4.0,4.0,4.0,4.0,3.0,4.0,4.0,4.0,3.0,4.0,3.0,3.0,3.0,3.0,4.0,4.0,3.65,3.5,3.8,3.6,3.4
1,2,1.0,18.0,2.0,3.0,4.0,4.0,4.0,4.0,3.0,4.0,3.0,3.0,3.0,4.0,3.0,4.0,4.0,3.0,4.0,3.0,3.0,4.0,4.0,4.0,3.0,4.0,4.0,3.0,3.0,4.0,3.0,3.0,4.0,3.0,3.0,3.0,3.0,4.0,4.0,3.0,3.0,4.0,4.0,3.6,3.5,3.4,3.2,3.6
2,2,1.0,20.0,1.0,1.0,4.0,4.0,4.0,4.0,3.0,4.0,3.0,3.0,4.0,3.0,4.0,3.0,4.0,4.0,3.0,3.0,3.0,4.0,4.0,4.0,3.0,3.0,4.0,3.0,3.0,3.0,3.0,3.0,3.0,3.0,4.0,4.0,3.0,2.0,2.0,2.0,2.0,2.0,3.0,3.6,3.25,3.0,3.2,2.2
1,2,1.0,17.0,4.0,4.0,3.0,4.0,4.0,3.0,4.0,4.0,4.0,3.0,4.0,3.0,4.0,3.0,4.0,4.0,3.0,3.0,4.0,4.0,4.0,3.0,4.0,1.0,3.0,3.0,2.0,3.0,4.0,3.0,3.0,4.0,4.0,3.0,3.0,3.0,4.0,4.0,3.0,4.0,3.0,3.6,2.75,3.0,3.4,3.6
1,1,1.0,19.0,1.0,5.0,1.0,1.0,3.0,1.0,1.0,1.0,1.0,1.0,2.0,2.0,2.0,2.0,3.0,2.0,2.0,2.0,2.0,3.0,3.0,3.0,2.0,2.0,2.0,1.0,2.0,2.0,1.0,2.0,3.0,3.0,2.0,2.0,4.0,3.0,4.0,3.0,4.0,4.0,4.0,1.9,1.75,2.0,2.8,3.8
2,2,1.0,20.0,5.0,2.0,3.0,3.0,3.0,4.0,3.0,4.0,3.0,3.0,3.0,3.0,4.0,3.0,3.0,3.0,3.0,3.0,3.0,4.0,3.0,3.0,4.0,4.0,3.0,4.0,3.0,4.0,4.0,3.0,4.0,4.0,4.0,3.0,3.0,4.0,4.0,4.0,4.0,3.0,4.0,3.2,3.75,3.6,3.6,3.8
1,1,1.0,20.0,4.0,4.0,3.0,2.0,2.0,2.0,1.0,3.0,1.0,2.0,1.0,2.0,1.0,1.0,3.0,3.0,2.0,3.0,3.0,4.0,2.0,2.0,3.0,3.0,3.0,3.0,4.0,4.0,2.0,1.0,4.0,3.0,3.0,4.0,4.0,4.0,3.0,4.0,4.0,4.0,3.0,2.15,3.0,3.0,3.6,3.6
1,1,1.0,19.0,2.0,4.0,4.0,4.0,3.0,4.0,4.0,4.0,4.0,4.0,4.0,4.0,4.0,3.0,4.0,4.0,4.0,3.0,4.0,4.0,3.0,3.0,3.0,3.0,4.0,4.0,3.0,3.0,4.0,4.0,3.0,3.0,4.0,4.0,4.0,3.0,4.0,3.0,3.0,4.0,3.0,3.75,3.5,3.4,3.6,3.4
1,1,1.0,18.0,5.0,2.0,4.0,3.0,4.0,3.0,3.0,3.0,4.0,4.0,3.0,4.0,4.0,4.0,3.0,4.0,3.0,4.0,4.0,3.0,2.0,3.0,3.0,3.0,3.0,4.0,3.0,4.0,3.0,4.0,4.0,3.0,3.0,4.0,3.0,4.0,4.0,3.0,4.0,3.0,3.0,3.45,3.25,3.6,3.4,3.4
2,2,1.0,19.0,1.0,1.0,3.0,3.0,3.0,3.0,3.0,4.0,3.0,4.0,3.0,3.0,4.0,3.0,3.0,3.0,4.0,4.0,3.0,3.0,4.0,3.0,4.0,4.0,3.0,4.0,4.0,3.0,4.0,4.0,3.0,4.0,4.0,3.0,3.0,3.0,3.0,3.0,4.0,4.0,4.0,3.3,3.75,3.6,3.4,3.6
2,2,1.0,20.0,3.0,3.0,4.0,3.0,4.0,4.0,3.0,4.0,4.0,3.0,3.0,3.0,3.0,3.0,4.0,4.0,3.0,3.0,4.0,4.0,3.0,4.0,3.0,4.0,4.0,4.0,3.0,3.0,3.0,3.0,4.0,3.0,4.0,3.0,3.0,4.0,3.0,3.0,3.0,3.0,3.0,3.5,3.75,3.2,3.4,3.0
1,2,1.0,19.0,4.0,2.0,3.0,3.0,4.0,4.0,4.0,4.0,3.0,3.0,3.0,3.0,4.0,3.0,3.0,4.0,4.0,4.0,4.0,4.0,4.0,4.0,3.0,3.0,3.0,3.0,4.0,3.0,4.0,4.0,1.0,2.0,4.0,3.0,3.0,3.0,3.0,4.0,4.0,3.0,4.0,3.6,3.0,3.2,3.0,3.6
1,1,1.0,17.0,1.0,1.0,3.0,4.0,4.0,3.0,3.0,3.0,4.0,3.0,4.0,4.0,3.0,3.0,3.0,3.0,4.0,4.0,3.0,4.0,3.0,3.0,4.0,4.0,3.0,3.0,3.0,4.0,3.0,3.0,3.0,4.0,3.0,3.0,3.0,4.0,4.0,3.0,4.0,4.0,3.0,3.4,3.5,3.2,3.4,3.6
2,2,1.0,20.0,7.0,4.0,4.0,4.0,3.0,4.0,3.0,3.0,3.0,4.0,3.0,3.0,4.0,3.0,3.0,4.0,3.0,3.0,3.0,4.0,4.0,4.0,3.0,1.0,2.0,1.0,2.0,2.0,3.0,3.0,4.0,3.0,4.0,3.0,4.0,3.0,4.0,4.0,4.0,4.0,4.0,3.45,1.75,2.8,3.4,4.0
1,1,1.0,20.0,6.0,3.0,4.0,3.0,3.0,4.0,4.0,3.0,3.0,3.0,3.0,3.0,3.0,4.0,4.0,3.0,4.0,4.0,4.0,3.0,4.0,4.0,3.0,3.0,4.0,4.0,4.0,4.0,3.0,4.0,4.0,3.0,4.0,3.0,1.0,3.0,2.0,1.0,2.0,1.0,3.0,3.5,3.5,3.8,2.8,1.8
1,1,1.0,19.0,6.0,2.0,3.0,4.0,3.0,3.0,4.0,4.0,4.0,4.0,3.0,4.0,4.0,4.0,3.0,3.0,3.0,4.0,3.0,4.0,3.0,3.0,3.0,4.0,4.0,4.0,3.0,3.0,4.0,3.0,4.0,4.0,3.0,4.0,4.0,3.0,4.0,3.0,3.0,3.0,4.0,3.5,3.75,3.4,3.6,3.4
1,2,1.0,19.0,7.0,1.0,3.0,4.0,4.0,4.0,3.0,4.0,3.0,3.0,4.0,3.0,3.0,4.0,3.0,4.0,2.0,3.0,2.0,4.0,2.0,2.0,3.0,4.0,4.0,3.0,4.0,3.0,4.0,4.0,4.0,4.0,4.0,3.0,4.0,3.0,3.0,4.0,3.0,3.0,3.0,3.2,3.5,3.8,3.6,3.2
1,1,1.0,19.0,3.0,4.0,3.0,3.0,4.0,4.0,3.0,4.0,4.0,3.0,4.0,4.0,4.0,4.0,4.0,4.0,4.0,4.0,4.0,4.0,3.0,4.0,3.0,3.0,4.0,4.0,3.0,3.0,4.0,3.0,4.0,4.0,4.0,3.0,3.0,4.0,4.0,3.0,4.0,4.0,4.0,3.75,3.5,3.4,3.6,3.8
2,2,1.0,17.0,2.0,2.0,3.0,3.0,4.0,4.0,3.0,4.0,4.0,4.0,3.0,4.0,3.0,2.0,3.0,3.0,3.0,4.0,3.0,4.0,4.0,3.0,3.0,4.0,4.0,3.0,3.0,3.0,4.0,4.0,3.0,3.0,4.0,3.0,3.0,3.0,3.0,3.0,3.0,3.0,4.0,3.4,3.5,3.4,3.2,3.2
2,1,1.0,19.0,7.0,5.0,3.0,2.0,3.0,4.0,2.0,3.0,3.0,3.0,3.0,4.0,3.0,4.0,3.0,4.0,4.0,3.0,3.0,4.0,4.0,4.0,4.0,4.0,3.0,3.0,4.0,4.0,3.0,1.0,4.0,4.0,3.0,4.0,3.0,4.0,4.0,4.0,3.0,3.0,4.0,3.3,3.5,3.2,3.6,3.6
2,2,1.0,20.0,6.0,5.0,4.0,4.0,4.0,3.0,3.0,3.0,3.0,4.0,4.0,4.0,3.0,3.0,2.0,3.0,3.0,3.0,4.0,3.0,3.0,4.0,3.0,4.0,3.0,4.0,4.0,3.0,4.0,3.0,4.0,3.0,4.0,4.0,4.0,3.0,3.0,3.0,3.0,3.0,3.0,3.35,3.5,3.6,3.6,3.0
1,1,1.0,19.0,5.0,4.0,4.0,3.0,4.0,3.0,3.0,4.0,3.0,4.0,4.0,3.0,3.0,3.0,3.0,3.0,3.0,3.0,3.0,4.0,4.0,3.0,3.0,4.0,3.0,3.0,4.0,4.0,4.0,3.0,3.0,4.0,4.0,4.0,3.0,3.0,3.0,3.0,3.0,3.0,1.0,3.35,3.25,3.6,3.6,2.6
2,2,1.0,19.0,5.0,5.0,3.0,4.0,3.0,4.0,3.0,4.0,3.0,4.0,3.0,3.0,3.0,3.0,4.0,3.0,4.0,3.0,4.0,4.0,4.0,3.0,4.0,3.0,3.0,3.0,3.0,3.0,3.0,3.0,3.0,3.0,4.0,3.0,3.0,3.0,4.0,4.0,4.0,3.0,3.0,3.45,3.25,3.0,3.2,3.6
2,1,1.0,18.0,1.0,1.0,3.0,3.0,4.0,3.0,4.0,3.0,4.0,3.0,3.0,2.0,3.0,4.0,3.0,3.0,4.0,3.0,4.0,3.0,3.0,1.0,2.0,2.0,3.0,3.0,4.0,3.0,4.0,3.0,2.0,3.0,2.0,3.0,3.0,4.0,3.0,4.0,3.0,3.0,3.0,3.15,2.5,3.2,3.0,3.2
2,1,1.0,18.0,3.0,4.0,1.0,3.0,1.0,1.0,2.0,2.0,2.0,4.0,3.0,3.0,4.0,3.0,3.0,4.0,4.0,4.0,3.0,4.0,3.0,3.0,3.0,4.0,4.0,4.0,3.0,4.0,4.0,3.0,4.0,3.0,4.0,3.0,3.0,3.0,3.0,3.0,3.0,4.0,4.0,2.85,3.75,3.6,3.2,3.4
2,1,1.0,20.0,3.0,1.0,3.0,3.0,3.0,3.0,3.0,4.0,4.0,4.0,3.0,4.0,3.0,3.0,3.0,3.0,4.0,3.0,3.0,3.0,3.0,3.0,4.0,3.0,3.0,4.0,3.0,4.0,4.0,4.0,4.0,4.0,4.0,3.0,3.0,3.0,3.0,4.0,4.0,3.0,3.0,3.25,3.5,3.8,3.4,3.4
2,2,1.0,20.0,1.0,2.0,4.0,3.0,3.0,3.0,4.0,3.0,3.0,4.0,3.0,3.0,3.0,4.0,3.0,3.0,3.0,3.0,4.0,4.0,3.0,3.0,4.0,4.0,4.0,4.0,3.0,3.0,4.0,4.0,3.0,4.0,4.0,3.0,4.0,3.0,4.0,3.0,4.0,4.0,4.0,3.3,4.0,3.4,3.6,3.8
1,2,1.0,18.0,3.0,2.0,3.0,3.0,4.0,3.0,4.0,4.0,4.0,4.0,3.0,3.0,3.0,3.0,4.0,3.0,4.0,3.0,4.0,3.0,4.0,4.0,4.0,4.0,3.0,4.0,3.0,4.0,3.0,3.0,3.0,4.0,4.0,4.0,3.0,4.0,3.0,3.0,3.0,4.0,3.0,3.5,3.75,3.2,3.8,3.2
1,2,1.0,18.0,3.0,5.0,4.0,4.0,3.0,4.0,4.0,4.0,3.0,4.0,3.0,4.0,4.0,4.0,4.0,4.0,3.0,4.0,3.0,4.0,4.0,4.0,3.0,4.0,4.0,4.0,4.0,2.0,2.0,3.0,2.0,4.0,3.0,3.0,4.0,3.0,3.0,3.0,3.0,3.0,4.0,3.75,3.75,2.6,3.4,3.2
1,2,1.0,19.0,4.0,5.0,3.0,3.0,4.0,4.0,3.0,4.0,4.0,4.0,4.0,3.0,4.0,4.0,4.0,3.0,4.0,3.0,4.0,4.0,4.0,3.0,3.0,4.0,1.0,3.0,3.0,4.0,4.0,1.0,3.0,4.0,4.0,4.0,1.0,2.0,1.0,3.0,4.0,4.0,4.0,3.65,2.75,3.0,3.0,3.2
2,1,1.0,19.0,7.0,3.0,3.0,3.0,3.0,3.0,3.0,4.0,1.0,3.0,1.0,1.0,4.0,3.0,3.0,4.0,3.0,3.0,4.0,3.0,3.0,4.0,3.0,4.0,4.0,4.0,4.0,3.0,3.0,3.0,3.0,4.0,4.0,3.0,2.0,2.0,2.0,2.0,2.0,2.0,2.0,2.95,3.75,3.2,3.0,2.0
2,1,1.0,19.0,6.0,2.0,4.0,4.0,3.0,4.0,3.0,4.0,4.0,4.0,4.0,4.0,3.0,4.0,4.0,3.0,3.0,4.0,3.0,3.0,4.0,4.0,4.0,4.0,3.0,4.0,2.0,2.0,4.0,4.0,3.0,4.0,4.0,4.0,3.0,3.0,3.0,3.0,3.0,3.0,3.0,3.65,3.75,3.0,3.6,3.0
1,1,1.0,17.0,3.0,1.0,3.0,3.0,3.0,4.0,3.0,4.0,3.0,4.0,4.0,3.0,4.0,4.0,4.0,4.0,3.0,3.0,4.0,4.0,4.0,4.0,3.0,4.0,4.0,3.0,3.0,4.0,2.0,3.0,4.0,3.0,4.0,4.0,4.0,3.0,4.0,4.0,3.0,3.0,4.0,3.6,3.5,3.2,3.6,3.6
1,1,1.0,18.0,7.0,1.0,4.0,4.0,4.0,3.0,4.0,4.0,4.0,3.0,3.0,4.0,4.0,3.0,3.0,4.0,4.0,4.0,4.0,4.0,3.0,4.0,4.0,4.0,4.0,3.0,4.0,3.0,4.0,4.0,4.0,4.0,4.0,4.0,4.0,3.0,3.0,4.0,4.0,4.0,4.0,3.7,3.75,3.8,3.8,3.8
1,2,1.0,17.0,2.0,3.0,4.0,4.0,3.0,3.0,4.0,4.0,4.0,3.0,4.0,3.0,3.0,4.0,3.0,3.0,3.0,3.0,3.0,3.0,3.0,4.0,1.0,3.0,4.0,3.0,2.0,2.0,4.0,4.0,4.0,3.0,4.0,4.0,4.0,3.0,3.0,3.0,4.0,3.0,4.0,3.4,2.75,3.2,3.6,3.4
2,2,1.0,20.0,3.0,2.0,2.0,4.0,4.0,3.0,4.0,4.0,4.0,3.0,3.0,4.0,3.0,3.0,4.0,1.0,2.0,2.0,4.0,4.0,3.0,4.0,4.0,4.0,3.0,4.0,3.0,4.0,4.0,3.0,3.0,3.0,3.0,3.0,3.0,4.0,4.0,3.0,4.0,3.0,3.0,3.25,3.75,3.4,3.2,3.4
2,2,1.0,18.0,4.0,3.0,4.0,4.0,4.0,4.0,3.0,3.0,4.0,3.0,4.0,4.0,3.0,3.0,4.0,4.0,3.0,2.0,4.0,4.0,3.0,4.0,3.0,4.0,4.0,3.0,4.0,3.0,4.0,3.0,4.0,4.0,3.0,4.0,3.0,4.0,3.0,4.0,3.0,3.0,3.0,3.55,3.5,3.6,3.6,3.2
1,1,1.0,19.0,6.0,3.0,4.0,4.0,4.0,4.0,3.0,4.0,3.0,3.0,3.0,3.0,4.0,3.0,4.0,3.0,4.0,4.0,4.0,3.0,4.0,4.0,4.0,3.0,4.0,3.0,4.0,3.0,4.0,3.0,3.0,3.0,3.0,3.0,3.0,4.0,3.0,3.0,3.0,4.0,3.0,3.6,3.5,3.4,3.2,3.2
2,2,1.0,17.0,1.0,5.0,4.0,3.0,4.0,4.0,3.0,3.0,4.0,4.0,4.0,4.0,2.0,3.0,4.0,3.0,4.0,4.0,3.0,3.0,4.0,4.0,4.0,3.0,2.0,2.0,2.0,2.0,2.0,3.0,3.0,3.0,4.0,4.0,3.0,3.0,4.0,3.0,3.0,3.0,4.0,3.55,2.75,2.4,3.4,3.4
1,2,1.0,20.0,2.0,3.0,2.0,3.0,3.0,3.0,3.0,3.0,3.0,3.0,4.0,4.0,3.0,3.0,4.0,3.0,3.0,3.0,3.0,3.0,4.0,4.0,4.0,3.0,3.0,3.0,4.0,3.0,4.0,4.0,4.0,3.0,3.0,4.0,4.0,3.0,3.0,4.0,3.0,4.0,3.0,3.2,3.25,3.8,3.4,3.4
2,1,1.0,18.0,6.0,5.0,3.0,4.0,4.0,3.0,4.0,4.0,3.0,4.0,4.0,4.0,3.0,3.0,4.0,3.0,4.0,3.0,3.0,1.0,1.0,3.0,1.0,1.0,3.0,2.0,1.0,1.0,1.0,2.0,3.0,3.0,3.0,4.0,3.0,4.0,4.0,4.0,3.0,3.0,4.0,3.25,1.75,1.6,3.4,3.6
2,1,1.0,18.0,7.0,1.0,3.0,3.0,3.0,3.0,4.0,3.0,3.0,3.0,3.0,4.0,4.0,4.0,4.0,3.0,4.0,3.0,3.0,4.0,3.0,4.0,4.0,3.0,4.0,4.0,4.0,3.0,4.0,4.0,3.0,3.0,3.0,4.0,3.0,2.0,3.0,4.0,3.0,3.0,4.0,3.4,3.75,3.6,3.0,3.4
2,1,1.0,20.0,4.0,1.0,3.0,4.0,3.0,4.0,4.0,3.0,3.0,3.0,3.0,4.0,4.0,3.0,4.0,3.0,3.0,3.0,4.0,4.0,4.0,3.0,4.0,4.0,3.0,4.0,4.0,4.0,3.0,4.0,4.0,4.0,3.0,3.0,1.0,3.0,4.0,3.0,3.0,3.0,4.0,3.45,3.75,3.8,2.8,3.4
1,2,1.0,20.0,5.0,1.0,4.0,3.0,4.0,3.0,4.0,3.0,3.0,3.0,3.0,4.0,4.0,4.0,4.0,4.0,3.0,3.0,3.0,4.0,3.0,3.0,4.0,3.0,3.0,3.0,4.0,3.0,3.0,3.0,3.0,3.0,4.0,3.0,3.0,4.0,4.0,3.0,4.0,4.0,3.0,3.45,3.25,3.2,3.4,3.6
1,1,1.0,20.0,7.0,5.0,4.0,3.0,4.0,3.0,4.0,3.0,3.0,3.0,3.0,3.0,4.0,3.0,4.0,3.0,3.0,4.0,3.0,3.0,3.0,4.0,3.0,3.0,4.0,3.0,3.0,3.0,4.0,4.0,3.0,4.0,3.0,4.0,3.0,4.0,3.0,3.0,3.0,3.0,3.0,3.35,3.25,3.4,3.6,3.0
2,2,1.0,19.0,1.0,3.0,4.0,3.0,3.0,4.0,4.0,3.0,3.0,3.0,3.0,4.0,3.0,4.0,4.0,4.0,3.0,3.0,4.0,3.0,4.0,4.0,3.0,4.0,4.0,4.0,3.0,4.0,4.0,4.0,3.0,3.0,3.0,3.0,3.0,4.0,4.0,4.0,3.0,3.0,3.0,3.5,3.75,3.6,3.2,3.4
1,2,1.0,18.0,2.0,4.0,4.0,3.0,3.0,4.0,3.0,3.0,4.0,4.0,3.0,3.0,3.0,3.0,1.0,3.0,3.0,4.0,3.0,3.0,3.0,4.0,3.0,3.0,4.0,4.0,3.0,3.0,4.0,3.0,2.0,2.0,3.0,4.0,4.0,3.0,4.0,3.0,3.0,4.0,3.0,3.2,3.5,3.0,3.2,3.4
2,2,1.0,20.0,2.0,2.0,3.0,4.0,3.0,3.0,4.0,3.0,3.0,3.0,4.0,3.0,3.0,3.0,3.0,3.0,3.0,4.0,4.0,3.0,3.0,3.0,3.0,3.0,3.0,3.0,3.0,3.0,3.0,4.0,3.0,3.0,3.0,4.0,3.0,4.0,3.0,4.0,3.0,3.0,3.0,3.25,3.0,3.2,3.4,3.2
2,1,1.0,17.0,5.0,2.0,4.0,3.0,3.0,4.0,3.0,4.0,3.0,3.0,3.0,4.0,4.0,4.0,3.0,4.0,4.0,3.0,3.0,3.0,3.0,4.0,3.0,3.0,4.0,3.0,3.0,3.0,4.0,2.0,3.0,3.0,3.0,3.0,1.0,2.0,4.0,3.0,3.0,3.0,4.0,3.45,3.25,3.0,2.4,3.4
2,2,1.0,17.0,6.0,4.0,3.0,4.0,4.0,3.0,4.0,3.0,3.0,3.0,3.0,4.0,3.0,4.0,3.0,4.0,3.0,3.0,3.0,4.0,4.0,3.0,4.0,4.0,3.0,3.0,4.0,4.0,3.0,3.0,4.0,3.0,4.0,4.0,4.0,3.0,4.0,3.0,4.0,4.0,3.0,3.4,3.5,3.6,3.6,3.6
2,2,1.0,20.0,2.0,2.0,1.0,1.0,2.0,1.0,1.0,1.0,1.0,1.0,2.0,2.0,2.0,2.0,2.0,2.0,2.0,2.0,3.0,2.0,2.0,1.0,2.0,2.0,2.0,3.0,3.0,2.0,2.0,2.0,2.0,2.0,2.0,2.0,3.0,3.0,4.0,4.0,4.0,4.0,3.0,1.65,2.25,2.2,2.4,3.8
1,1,1.0,20.0,1.0,1.0,3.0,3.0,3.0,4.0,4.0,4.0,3.0,3.0,3.0,4.0,3.0,3.0,4.0,3.0,4.0,4.0,4.0,3.0,4.0,2.0,4.0,3.0,4.0,4.0,4.0,4.0,4.0,4.0,3.0,1.0,4.0,4.0,3.0,4.0,4.0,4.0,4.0,4.0,3.0,3.4,3.75,3.8,3.2,3.8
1,2,1.0,20.0,2.0,3.0,1.0,1.0,1.0,3.0,3.0,3.0,1.0,2.0,3.0,2.0,3.0,3.0,3.0,2.0,2.0,1.0,2.0,3.0,3.0,4.0,4.0,4.0,3.0,4.0,3.0,2.0,3.0,3.0,3.0,3.0,4.0,4.0,3.0,3.0,3.0,4.0,4.0,3.0,4.0,2.3,3.75,2.8,3.4,3.6
2,2,1.0,20.0,6.0,4.0,3.0,3.0,4.0,3.0,4.0,4.0,3.0,4.0,4.0,4.0,3.0,3.0,4.0,3.0,2.0,1.0,3.0,4.0,3.0,4.0,3.0,3.0,3.0,4.0,3.0,4.0,3.0,4.0,4.0,3.0,4.0,3.0,4.0,4.0,1.0,1.0,3.0,1.0,1.0,3.3,3.25,3.6,3.6,1.4
2,2,1.0,18.0,1.0,5.0,1.0,1.0,1.0,1.0,1.0,1.0,1.0,1.0,1.0,1.0,1.0,1.0,1.0,1.0,1.0,1.0,1.0,1.0,1.0,1.0,1.0,1.0,1.0,1.0,1.0,1.0,1.0,1.0,1.0,1.0,1.0,1.0,1.0,1.0,1.0,1.0,1.0,1.0,1.0,1.0,1.0,1.0,1.0,1.0
2,1,1.0,20.0,4.0,5.0,4.0,4.0,4.0,3.0,4.0,4.0,4.0,4.0,3.0,3.0,3.0,3.0,3.0,3.0,3.0,3.0,4.0,3.0,1.0,3.0,3.0,4.0,3.0,4.0,3.0,3.0,4.0,3.0,3.0,3.0,1.0,2.0,3.0,4.0,3.0,2.0,2.0,2.0,1.0,3.3,3.5,3.2,2.6,2.0
2,1,2.0,19.0,8.0,3.0,2.0,3.0,3.0,2.0,3.0,4.0,3.0,2.0,2.0,3.0,2.0,3.0,3.0,4.0,1.0,2.0,1.0,2.0,3.0,3.0,2.0,3.0,4.0,1.0,3.0,2.0,3.0,3.0,3.0,1.0,2.0,4.0,2.0,1.0,3.0,2.0,2.0,2.0,3.0,2.55,2.5,2.8,2.0,2.4
2,1,2.0,34.0,7.0,12.0,4.0,4.0,4.0,4.0,4.0,4.0,4.0,4.0,4.0,4.0,4.0,4.0,4.0,4.0,4.0,4.0,4.0,4.0,4.0,4.0,4.0,4.0,4.0,4.0,4.0,4.0,4.0,4.0,4.0,4.0,4.0,4.0,4.0,4.0,4.0,4.0,4.0,4.0,4.0,4.0,4.0,4.0,4.0,4.0
1,1,2.0,34.0,7.0,7.0,4.0,4.0,4.0,4.0,4.0,4.0,4.0,4.0,4.0,4.0,4.0,4.0,4.0,2.0,3.0,4.0,4.0,3.0,2.0,2.0,4.0,4.0,4.0,4.0,4.0,4.0,4.0,4.0,4.0,4.0,4.0,4.0,3.0,3.0,3.0,2.0,3.0,4.0,4.0,3.6,4.0,4.0,3.6,3.2
1,1,3.0,13.0,5.0,3.0,4.0,4.0,4.0,4.0,4.0,4.0,4.0,4.0,4.0,4.0,4.0,4.0,4.0,4.0,4.0,4.0,4.0,4.0,4.0,4.0,3.0,2.0,4.0,2.0,4.0,2.0,4.0,4.0,4.0,1.0,4.0,4.0,2.0,4.0,3.0,3.0,3.0,2.0,3.0,4.0,2.75,3.6,3.0,2.8
2,1,2.0,16.0,2.0,11.0,4.0,2.0,4.0,4.0,3.0,3.0,4.0,4.0,3.0,2.0,2.0,2.0,3.0,4.0,3.0,3.0,2.0,2.0,4.0,4.0,3.0,1.0,4.0,3.0,2.0,3.0,3.0,3.0,2.0,1.0,1.0,4.0,2.0,2.0,1.0,2.0,1.0,2.0,2.0,3.1,2.75,2.6,2.0,1.6
2,1,2.0,16.0,2.0,12.0,3.0,3.0,3.0,1.0,3.0,1.0,3.0,3.0,3.0,3.0,3.0,3.0,3.0,2.0,3.0,3.0,3.0,3.0,3.0,3.0,2.0,2.0,3.0,1.0,2.0,1.0,3.0,2.0,2.0,1.0,3.0,4.0,2.0,2.0,2.0,2.0,3.0,1.0,3.0,2.75,2.0,2.0,2.4,2.2
2,1,2.0,16.0,2.0,12.0,3.0,3.0,3.0,3.0,3.0,4.0,3.0,3.0,3.0,3.0,3.0,3.0,3.0,4.0,2.0,3.0,3.0,3.0,3.0,3.0,2.0,2.0,2.0,2.0,3.0,1.0,1.0,2.0,2.0,1.0,1.0,4.0,3.0,2.0,2.0,2.0,1.0,1.0,2.0,3.05,2.0,1.8,2.2,1.6
2,1,2.0,16.0,2.0,3.0,4.0,3.0,4.0,4.0,4.0,4.0,4.0,4.0,4.0,3.0,3.0,3.0,3.0,4.0,4.0,4.0,4.0,4.0,4.0,4.0,1.0,1.0,1.0,3.0,3.0,3.0,3.0,3.0,3.0,3.0,3.0,3.0,3.0,3.0,3.0,3.0,3.0,3.0,3.0,3.75,1.5,3.0,3.0,3.0
2,1,2.0,16.0,2.0,3.0,3.0,3.0,3.0,3.0,3.0,2.0,2.0,3.0,2.0,2.0,3.0,2.0,2.0,3.0,3.0,2.0,3.0,3.0,3.0,3.0,2.0,2.0,2.0,2.0,2.0,2.0,3.0,3.0,2.0,2.0,4.0,4.0,3.0,2.0,2.0,3.0,2.0,3.0,3.0,2.65,2.0,2.4,3.0,2.6
2,1,2.0,16.0,2.0,7.0,2.0,2.0,2.0,3.0,2.0,2.0,2.0,3.0,3.0,2.0,3.0,2.0,3.0,1.0,2.0,4.0,2.0,2.0,3.0,2.0,4.0,3.0,3.0,3.0,1.0,1.0,2.0,2.0,1.0,1.0,1.0,3.0,1.0,1.0,2.0,2.0,1.0,2.0,2.0,2.35,3.25,1.4,1.4,1.8
2,1,2.0,16.0,2.0,3.0,3.0,4.0,3.0,4.0,3.0,3.0,2.0,3.0,2.0,2.0,4.0,1.0,1.0,3.0,2.0,3.0,3.0,3.0,3.0,3.0,2.0,3.0,3.0,3.0,3.0,4.0,4.0,4.0,4.0,2.0,2.0,2.0,2.0,2.0,4.0,3.0,4.0,4.0,4.0,2.75,2.75,3.8,2.0,3.8
2,1,2.0,16.0,2.0,11.0,3.0,3.0,3.0,3.0,2.0,2.0,2.0,3.0,2.0,1.0,3.0,2.0,1.0,2.0,3.0,2.0,3.0,2.0,2.0,3.0,2.0,3.0,3.0,2.0,3.0,2.0,2.0,3.0,3.0,3.0,2.0,2.0,2.0,2.0,2.0,3.0,2.0,2.0,3.0,2.35,2.5,2.6,2.2,2.4
2,1,2.0,16.0,2.0,2.0,3.0,3.0,3.0,1.0,3.0,2.0,3.0,3.0,3.0,3.0,3.0,2.0,3.0,4.0,3.0,3.0,3.0,3.0,3.0,3.0,1.0,2.0,3.0,1.0,3.0,2.0,1.0,2.0,2.0,1.0,1.0,3.0,3.0,2.0,3.0,2.0,1.0,1.0,3.0,2.85,1.75,2.0,2.0,2.0
2,1,2.0,16.0,2.0,2.0,4.0,4.0,4.0,3.0,3.0,3.0,4.0,4.0,3.0,3.0,4.0,4.0,4.0,3.0,3.0,3.0,2.0,3.0,4.0,4.0,3.0,1.0,2.0,2.0,2.0,1.0,2.0,2.0,2.0,2.0,3.0,4.0,3.0,2.0,1.0,2.0,2.0,2.0,4.0,3.45,2.0,1.8,2.8,2.2
2,1,2.0,16.0,2.0,3.0,2.0,2.0,2.0,2.0,2.0,3.0,2.0,2.0,2.0,1.0,2.0,3.0,2.0,2.0,3.0,2.0,3.0,2.0,2.0,2.0,3.0,3.0,2.0,2.0,3.0,2.0,2.0,2.0,2.0,2.0,2.0,2.0,2.0,2.0,2.0,2.0,2.0,2.0,2.0,2.15,2.5,2.2,2.0,2.0
2,1,2.0,16.0,2.0,11.0,2.0,2.0,2.0,2.0,2.0,2.0,2.0,2.0,2.0,2.0,2.0,2.0,2.0,2.0,2.0,2.0,2.0,2.0,2.0,2.0,3.0,3.0,2.0,1.0,2.0,2.0,2.0,2.0,1.0,1.0,2.0,4.0,2.0,2.0,2.0,2.0,2.0,2.0,2.0,2.0,2.25,1.8,2.2,2.0
2,1,2.0,16.0,2.0,3.0,2.0,2.0,3.0,3.0,3.0,2.0,2.0,2.0,2.0,2.0,2.0,2.0,2.0,2.0,2.0,2.0,2.0,2.0,3.0,3.0,2.0,2.0,2.0,2.0,2.0,2.0,2.0,2.0,2.0,1.0,3.0,4.0,2.0,1.0,1.0,1.0,1.0,1.0,1.0,2.25,2.0,2.0,2.2,1.0
2,1,2.0,16.0,2.0,11.0,3.0,3.0,3.0,3.0,3.0,3.0,3.0,3.0,3.0,2.0,3.0,2.0,2.0,3.0,3.0,3.0,3.0,3.0,3.0,3.0,3.0,2.0,3.0,2.0,3.0,2.0,3.0,3.0,3.0,2.0,3.0,3.0,3.0,3.0,2.0,3.0,3.0,2.0,3.0,2.85,2.5,2.8,2.8,2.6
2,1,2.0,16.0,2.0,11.0,4.0,4.0,3.0,3.0,3.0,3.0,3.0,3.0,4.0,3.0,4.0,3.0,3.0,3.0,3.0,3.0,3.0,3.0,3.0,4.0,3.0,3.0,3.0,3.0,3.0,4.0,3.0,3.0,3.0,3.0,4.0,4.0,3.0,3.0,4.0,3.0,3.0,4.0,3.0,3.25,3.0,3.2,3.4,3.4
2,1,2.0,16.0,2.0,2.0,3.0,3.0,4.0,3.0,3.0,3.0,3.0,4.0,4.0,3.0,4.0,4.0,4.0,3.0,2.0,3.0,2.0,3.0,3.0,3.0,3.0,2.0,4.0,1.0,3.0,4.0,3.0,4.0,2.0,1.0,4.0,4.0,2.0,3.0,3.0,3.0,3.0,2.0,3.0,3.2,2.5,3.2,2.8,2.8
2,1,2.0,16.0,2.0,2.0,4.0,2.0,2.0,1.0,3.0,4.0,4.0,2.0,3.0,1.0,3.0,4.0,4.0,3.0,2.0,1.0,2.0,2.0,2.0,2.0,3.0,3.0,2.0,1.0,2.0,1.0,2.0,2.0,2.0,1.0,1.0,4.0,2.0,1.0,2.0,2.0,2.0,1.0,3.0,2.55,2.25,1.8,1.8,2.0
1,1,2.0,36.0,7.0,1.0,4.0,4.0,4.0,4.0,4.0,4.0,4.0,4.0,4.0,4.0,4.0,4.0,4.0,4.0,4.0,4.0,4.0,4.0,4.0,4.0,3.0,2.0,3.0,2.0,4.0,3.0,4.0,3.0,2.0,4.0,4.0,4.0,4.0,4.0,4.0,4.0,4.0,2.0,3.0,4.0,2.5,3.2,4.0,3.4
2,1,2.0,16.0,2.0,11.0,2.0,2.0,3.0,2.0,2.0,2.0,2.0,2.0,3.0,2.0,3.0,2.0,2.0,3.0,3.0,3.0,2.0,2.0,2.0,3.0,3.0,3.0,3.0,2.0,2.0,3.0,3.0,3.0,4.0,4.0,3.0,4.0,2.0,2.0,2.0,2.0,2.0,3.0,2.0,2.35,2.75,3.0,3.0,2.2
1,2,2.0,20.0,8.0,12.0,3.0,3.0,3.0,3.0,3.0,4.0,3.0,3.0,3.0,3.0,3.0,2.0,3.0,3.0,3.0,2.0,2.0,4.0,3.0,3.0,3.0,3.0,3.0,3.0,2.0,3.0,3.0,3.0,2.0,3.0,3.0,3.0,2.0,3.0,3.0,3.0,2.0,3.0,3.0,2.95,3.0,2.6,2.8,2.8
1,1,2.0,34.0,8.0,2.0,4.0,4.0,4.0,4.0,4.0,4.0,4.0,4.0,4.0,4.0,4.0,4.0,4.0,4.0,4.0,4.0,4.0,4.0,4.0,4.0,4.0,4.0,4.0,4.0,4.0,4.0,4.0,4.0,4.0,4.0,4.0,4.0,4.0,4.0,4.0,4.0,4.0,4.0,4.0,4.0,4.0,4.0,4.0,4.0
